MultiAgentSystem Name,Task ID (Specific to MAS),Path in GH repo to the execution trace,Freeform Text Annotation by Human Annotator,Is the task Successfully solved (in spite of inefficiencies),Selected as example for,,Failure to detect ambiguity / contradictions,Proceed with incorrect assumptions,Fail to elicit clarification,Tendency to overachieve,Underperform by waiting on instructions,Withholding relevant information,Derailing from task objectives,Waiting on agents to discover known insights for increased confidence,Redundant conversation turns for iterative tasks rather than batching,Unaware of stopping conditions,Difficulty in agreeing with agents,No attempt to verify outcome,Evaluator agent fails to be critical,Poor adherence to specified constraints,Misalignment between internal thoughts and response message,Claiming that a task is done while it is not true.,Ignoring good suggestions from other agent,Discontinued reasoning,Trajectory restart,Step repetition,Invented content,Blurring roles,Bad agent specifications,Conversation repetition
HyperAgent,pydata__xarray-4493,https://github.com/LakshyAAAgrawal/MultiAgentFailureTaxonomyAnnotations/blob/main/HyperAgent/pydata__xarray-4493_human.json,It seems that the original solution doesn't solve the issue. So it is a hard problem. In the final part the planner says that more tests are required but then it states that they have solved the problem. ,FALSE,,,TRUE,FALSE,FALSE,FALSE,FALSE,FALSE,FALSE,FALSE,FALSE,FALSE,FALSE,FALSE,FALSE,FALSE,FALSE,FALSE,FALSE,FALSE,FALSE,FALSE,FALSE,FALSE,,
HyperAgent,matplotlib__matplotlib-25433,https://github.com/LakshyAAAgrawal/MultiAgentFailureTaxonomyAnnotations/blob/main/HyperAgent/matplotlib__matplotlib-25433_human.json,The Navigator thinks also about possible solutions but then it does not communicate it to the Planner. At certain point the Executor states 'The above output is just an example' but the Planner thinks that the test are passed 'Thank you for running the test and providing the results'. ,FALSE,,,TRUE,FALSE,FALSE,FALSE,FALSE,TRUE,FALSE,FALSE,FALSE,FALSE,FALSE,FALSE,FALSE,FALSE,FALSE,FALSE,FALSE,FALSE,FALSE,FALSE,FALSE,TRUE,,
HyperAgent,matplotlib__matplotlib-18869,https://github.com/LakshyAAAgrawal/MultiAgentFailureTaxonomyAnnotations/blob/main/HyperAgent/matplotlib__matplotlib-18869_human.json,The trajectory ended with Planner asking to run some tests but no response from Executor.,FALSE,,,FALSE,FALSE,FALSE,FALSE,FALSE,FALSE,FALSE,FALSE,FALSE,FALSE,FALSE,TRUE,FALSE,FALSE,FALSE,FALSE,FALSE,FALSE,FALSE,FALSE,FALSE,FALSE,,
HyperAgent,pallets__flask-5063,https://github.com/LakshyAAAgrawal/MultiAgentFailureTaxonomyAnnotations/blob/main/HyperAgent/pallets__flask-5063_human.json,This is a feature request. The navigator proposed a solution for FastAPI and not for Flask. Multiple repeated imports. ,FALSE,,,FALSE,FALSE,FALSE,FALSE,FALSE,FALSE,TRUE,FALSE,FALSE,FALSE,FALSE,FALSE,FALSE,FALSE,FALSE,FALSE,FALSE,FALSE,TRUE,FALSE,TRUE,FALSE,,
HyperAgent,astropy__astropy-12907,https://github.com/LakshyAAAgrawal/MultiAgentFailureTaxonomyAnnotations/blob/main/HyperAgent/astropy__astropy-12907_human.json,"The navigator continues proposing to edit _separable at the beginning. Then they located correctly _cstack. At certain point, it is proposed to check _coord_matrix but Navigator failed to propose its content. Instead, it proposed to pip install the package and open the file from the installed package. It also proposed a invented snippet that might be similator to the _coord_matrix function. ",FALSE,,,FALSE,FALSE,FALSE,FALSE,FALSE,FALSE,FALSE,FALSE,FALSE,FALSE,FALSE,FALSE,FALSE,FALSE,FALSE,FALSE,FALSE,FALSE,TRUE,TRUE,TRUE,FALSE,,
HyperAgent,matplotlib__matplotlib-24265,https://github.com/LakshyAAAgrawal/MultiAgentFailureTaxonomyAnnotations/blob/main/HyperAgent/matplotlib__matplotlib-24265_human.json,They have implemented an alternative solution. ,FALSE,,,FALSE,FALSE,FALSE,FALSE,FALSE,FALSE,FALSE,FALSE,FALSE,FALSE,FALSE,FALSE,FALSE,FALSE,FALSE,FALSE,FALSE,FALSE,FALSE,FALSE,FALSE,FALSE,,
HyperAgent,django__django-10924,https://github.com/LakshyAAAgrawal/MultiAgentFailureTaxonomyAnnotations/blob/main/HyperAgent/django__django-10924_human.json,They located the wrong file to modify. No tests are run to verify. ,FALSE,,,FALSE,FALSE,FALSE,FALSE,FALSE,FALSE,FALSE,FALSE,FALSE,FALSE,FALSE,TRUE,FALSE,FALSE,FALSE,FALSE,FALSE,FALSE,FALSE,FALSE,FALSE,FALSE,,
HyperAgent,scikit-learn__scikit-learn-10508,https://github.com/LakshyAAAgrawal/MultiAgentFailureTaxonomyAnnotations/blob/main/HyperAgent/scikit-learn__scikit-learn-10508_human.json,They forgot the inverse_transform case.,FALSE,,,FALSE,FALSE,FALSE,FALSE,FALSE,FALSE,FALSE,FALSE,FALSE,FALSE,FALSE,FALSE,FALSE,FALSE,FALSE,FALSE,FALSE,FALSE,FALSE,FALSE,FALSE,FALSE,,
HyperAgent,pytest-dev__pytest-7168,https://github.com/LakshyAAAgrawal/MultiAgentFailureTaxonomyAnnotations/blob/main/HyperAgent/pytest-dev__pytest-7168_human.json,They proposed another solution.,FALSE,,,FALSE,FALSE,FALSE,FALSE,FALSE,FALSE,FALSE,FALSE,FALSE,FALSE,FALSE,FALSE,FALSE,FALSE,FALSE,FALSE,FALSE,FALSE,FALSE,FALSE,FALSE,FALSE,,
HyperAgent,scikit-learn__scikit-learn-25570,https://github.com/LakshyAAAgrawal/MultiAgentFailureTaxonomyAnnotations/blob/main/HyperAgent/scikit-learn__scikit-learn-25570_human.json,The example code provided at the beginning requires lighgbm. The agents decides to substitute this with a model inside scikit-learn. But the the Planner come back to lightgbm as it hasn't seen that the new code does not have it.  ,FALSE,,,FALSE,FALSE,FALSE,FALSE,FALSE,FALSE,FALSE,FALSE,FALSE,FALSE,FALSE,FALSE,FALSE,FALSE,FALSE,FALSE,FALSE,TRUE,FALSE,FALSE,FALSE,FALSE,,
HyperAgent,sympy__sympy-11400,https://github.com/LakshyAAAgrawal/MultiAgentFailureTaxonomyAnnotations/blob/main/HyperAgent/sympy__sympy-11400_human.json,The executor invented a conda activate command and asks explaination to Planner. Didn't run ccode(sinc(x)) at the end. ,FALSE,invented content,,FALSE,FALSE,FALSE,FALSE,FALSE,FALSE,FALSE,FALSE,FALSE,FALSE,FALSE,TRUE,FALSE,FALSE,FALSE,FALSE,FALSE,FALSE,FALSE,FALSE,TRUE,FALSE,,
HyperAgent,django__django-11179,https://github.com/LakshyAAAgrawal/MultiAgentFailureTaxonomyAnnotations/blob/main/HyperAgent/django__django-11179_human.json,"Found the correct method to update, but failed to implement the patch.",FALSE,,,FALSE,FALSE,FALSE,FALSE,FALSE,FALSE,FALSE,FALSE,FALSE,FALSE,FALSE,TRUE,FALSE,FALSE,FALSE,FALSE,FALSE,FALSE,FALSE,TRUE,FALSE,FALSE,,
HyperAgent,sympy__sympy-12481,https://github.com/LakshyAAAgrawal/MultiAgentFailureTaxonomyAnnotations/blob/main/HyperAgent/sympy__sympy-12481_human.json,The official solution does not make any sense. ,FALSE,,,FALSE,FALSE,FALSE,FALSE,FALSE,FALSE,FALSE,FALSE,FALSE,FALSE,FALSE,FALSE,FALSE,FALSE,FALSE,FALSE,FALSE,FALSE,TRUE,FALSE,FALSE,FALSE,,
HyperAgent,astropy__astropy-14365,https://github.com/LakshyAAAgrawal/MultiAgentFailureTaxonomyAnnotations/blob/main/HyperAgent/astropy__astropy-14365_human.json,"The Nvigator has proposed a possible solution but it keeps it only for itself and doesn't communicate it to the Planner. The Planner found the point anyway. One solution is proposed and implemented but it doesn't work. Then, they wated to check the entire implementation, they started with the first lines, no modification is proposed, but suddenly they wanted to run the test again. During one of the iterations the Navigator returns the implementation of QDP with several repeated lines or repeated parameters. ",FALSE,,,FALSE,FALSE,FALSE,FALSE,FALSE,TRUE,FALSE,FALSE,FALSE,FALSE,FALSE,FALSE,FALSE,FALSE,TRUE,FALSE,FALSE,FALSE,TRUE,TRUE,TRUE,TRUE,,
HyperAgent,matplotlib__matplotlib-24334,https://github.com/LakshyAAAgrawal/MultiAgentFailureTaxonomyAnnotations/blob/main/HyperAgent/matplotlib__matplotlib-24334_human.json,"The Navigator internally proposes a solution but doesn't communicate it to the Planner. During one of the restarts, they focused on ticklabels instead of labels. ",FALSE,,,FALSE,FALSE,FALSE,FALSE,FALSE,TRUE,TRUE,FALSE,FALSE,FALSE,FALSE,FALSE,FALSE,FALSE,FALSE,FALSE,FALSE,FALSE,TRUE,FALSE,FALSE,TRUE,,
HyperAgent,mwaskom__seaborn-3407,https://github.com/LakshyAAAgrawal/MultiAgentFailureTaxonomyAnnotations/blob/main/HyperAgent/mwaskom__seaborn-3407_human.json,No testing running at the end. ,FALSE,,,FALSE,FALSE,FALSE,FALSE,FALSE,FALSE,FALSE,FALSE,FALSE,FALSE,FALSE,TRUE,FALSE,FALSE,FALSE,FALSE,FALSE,FALSE,FALSE,FALSE,FALSE,FALSE,,
HyperAgent,sphinx-doc__sphinx-8435,https://github.com/LakshyAAAgrawal/MultiAgentFailureTaxonomyAnnotations/blob/main/HyperAgent/sphinx-doc__sphinx-8435_human.json,They evolved a lor around the correct file and method. ,FALSE,,,FALSE,FALSE,FALSE,FALSE,FALSE,FALSE,FALSE,FALSE,FALSE,FALSE,FALSE,TRUE,FALSE,FALSE,FALSE,FALSE,FALSE,FALSE,TRUE,FALSE,FALSE,FALSE,,
HyperAgent,astropy__astropy-7746,https://github.com/LakshyAAAgrawal/MultiAgentFailureTaxonomyAnnotations/blob/main/HyperAgent/astropy__astropy-7746_human.json,It seems that at the beginning the editor modified a new file wcs_patched.py instead of wcs.py itself. The navigator forgot one case that need to be updated too. A very long trajectory to solve an easy problem. Hallucination from astropy.wcs import WCSWarningInfoWarningWarningWarningWarningWarningWarningWarningWarningWarningWarningWarningWarningWarningWarningWarningWarningWarningWarning,FALSE,,,FALSE,FALSE,FALSE,FALSE,FALSE,FALSE,TRUE,FALSE,FALSE,FALSE,FALSE,FALSE,FALSE,FALSE,FALSE,FALSE,FALSE,FALSE,TRUE,TRUE,TRUE,FALSE,,
HyperAgent,scikit-learn__scikit-learn-15535,https://github.com/LakshyAAAgrawal/MultiAgentFailureTaxonomyAnnotations/blob/main/HyperAgent/scikit-learn__scikit-learn-15535_human.json,The localized the correct file but just are not able to find the correct lines to edit. From a certai point they started to deviate a little bit from the original issue. ,FALSE,,,FALSE,FALSE,FALSE,FALSE,FALSE,FALSE,TRUE,FALSE,FALSE,FALSE,FALSE,FALSE,FALSE,FALSE,FALSE,FALSE,FALSE,FALSE,FALSE,FALSE,FALSE,FALSE,,
HyperAgent,pallets__flask-4992,https://github.com/LakshyAAAgrawal/MultiAgentFailureTaxonomyAnnotations/blob/main/HyperAgent/pallets__flask-4992_human.json,Trajectory restart. The editor claimed an edit that was not made. ,FALSE,,,FALSE,FALSE,FALSE,FALSE,FALSE,FALSE,FALSE,FALSE,FALSE,FALSE,FALSE,FALSE,FALSE,FALSE,FALSE,TRUE,FALSE,FALSE,TRUE,FALSE,FALSE,FALSE,,
HyperAgent,psf__requests-1963,https://github.com/LakshyAAAgrawal/MultiAgentFailureTaxonomyAnnotations/blob/main/HyperAgent/psf__requests-1963_human.json,It seems that they actually solved the problem.,TRUE,,,FALSE,FALSE,FALSE,FALSE,FALSE,FALSE,FALSE,FALSE,FALSE,FALSE,FALSE,FALSE,FALSE,FALSE,FALSE,FALSE,FALSE,FALSE,TRUE,FALSE,FALSE,FALSE,,
HyperAgent,matplotlib__matplotlib-23563,https://github.com/LakshyAAAgrawal/MultiAgentFailureTaxonomyAnnotations/blob/main/HyperAgent/matplotlib__matplotlib-23563_human.json,The Navigator internally proposes a solution without communicating it to the Planner. They didn't managed to replicate the issue described and started to unrelated steps to find something to edit. At the end the Planner decided to 'Wait for the user's response'. ,FALSE,step repetition,,FALSE,FALSE,FALSE,FALSE,FALSE,TRUE,TRUE,FALSE,FALSE,FALSE,FALSE,FALSE,FALSE,FALSE,FALSE,FALSE,FALSE,FALSE,TRUE,TRUE,FALSE,TRUE,,
HyperAgent,mwaskom__seaborn-2848,https://github.com/LakshyAAAgrawal/MultiAgentFailureTaxonomyAnnotations/blob/main/HyperAgent/mwaskom__seaborn-2848_human.json,"They updated the user code instead of solving the issue in the repository. The navigator found different implementation of _lookup_single and talks about this fact to planner but planner doesn't take any steps to verifiy which one to use. Even if it is not a communication error, one agent talks about astropy in one round, probably it is in the system prompt. ",FALSE,,,FALSE,FALSE,FALSE,FALSE,FALSE,FALSE,TRUE,FALSE,FALSE,FALSE,FALSE,TRUE,FALSE,FALSE,FALSE,FALSE,TRUE,FALSE,TRUE,TRUE,TRUE,FALSE,,
HyperAgent,psf__requests-2317,https://github.com/LakshyAAAgrawal/MultiAgentFailureTaxonomyAnnotations/blob/main/HyperAgent/psf__requests-2317_human.json,"Actually, it seems that they found the solution, but they did not run the test. ",TRUE,,,FALSE,FALSE,FALSE,FALSE,FALSE,FALSE,FALSE,FALSE,FALSE,FALSE,FALSE,TRUE,FALSE,FALSE,FALSE,FALSE,FALSE,FALSE,FALSE,FALSE,FALSE,FALSE,,
HyperAgent,astropy__astropy-6938,https://github.com/LakshyAAAgrawal/MultiAgentFailureTaxonomyAnnotations/blob/main/HyperAgent/astropy__astropy-6938_human.json,"The code navigator has located correctly the code snippet and proposed the correct patch, but while reporting the answer to the planner, instead of reporting the class FITS_rec, it reported FITS_record. This last class doesn't contain the code to be updated. From this point, the code navigator, based on wrong conclusions, continues to propose modifications to wrong classes and methods that are useless to solve the problem.",FALSE,,,TRUE,FALSE,FALSE,FALSE,FALSE,FALSE,FALSE,FALSE,FALSE,FALSE,FALSE,FALSE,FALSE,FALSE,FALSE,FALSE,FALSE,FALSE,TRUE,FALSE,FALSE,FALSE,,
HyperAgent,sphinx-doc__sphinx-11445,https://github.com/LakshyAAAgrawal/MultiAgentFailureTaxonomyAnnotations/blob/main/HyperAgent/sphinx-doc__sphinx-11445_human.json,"The executor internally states that it is ok, but then highlights the issue to the planner. ",FALSE,,,TRUE,FALSE,FALSE,FALSE,FALSE,FALSE,FALSE,FALSE,FALSE,FALSE,FALSE,FALSE,FALSE,FALSE,FALSE,FALSE,FALSE,FALSE,FALSE,FALSE,FALSE,FALSE,,
HyperAgent,pylint-dev__pylint-6506,https://github.com/LakshyAAAgrawal/MultiAgentFailureTaxonomyAnnotations/blob/main/HyperAgent/pylint-dev__pylint-6506_human.json,"Initially, the navigator has already found the solution but it tells other things to planner. ",FALSE,,,FALSE,FALSE,FALSE,FALSE,FALSE,FALSE,FALSE,FALSE,FALSE,FALSE,FALSE,FALSE,FALSE,FALSE,TRUE,FALSE,FALSE,FALSE,FALSE,FALSE,FALSE,FALSE,,
HyperAgent,scikit-learn__scikit-learn-13439,https://github.com/LakshyAAAgrawal/MultiAgentFailureTaxonomyAnnotations/blob/main/HyperAgent/scikit-learn__scikit-learn-13439_human.json,"For some reason, the patch resulted already implemented, but the agents passed to solve another problem. ",FALSE,,,FALSE,FALSE,FALSE,FALSE,FALSE,FALSE,TRUE,FALSE,FALSE,FALSE,FALSE,FALSE,FALSE,FALSE,FALSE,FALSE,FALSE,FALSE,FALSE,FALSE,FALSE,FALSE,,
HyperAgent,django__django-11742,https://github.com/LakshyAAAgrawal/MultiAgentFailureTaxonomyAnnotations/blob/main/HyperAgent/django__django-11742_human.json,They located the wrong file to update. ,FALSE,,,FALSE,FALSE,FALSE,FALSE,FALSE,FALSE,FALSE,FALSE,FALSE,FALSE,FALSE,TRUE,FALSE,FALSE,FALSE,FALSE,FALSE,FALSE,FALSE,FALSE,FALSE,FALSE,,
HyperAgent,matplotlib__matplotlib-23299,https://github.com/LakshyAAAgrawal/MultiAgentFailureTaxonomyAnnotations/blob/main/HyperAgent/matplotlib__matplotlib-23299_human.json,"They are convinced that an old pull request already solved the problem. They found out the correct file to update, but just cannot implement the correct patch. ",FALSE,,,FALSE,FALSE,FALSE,FALSE,FALSE,FALSE,FALSE,FALSE,FALSE,FALSE,FALSE,TRUE,FALSE,FALSE,FALSE,FALSE,TRUE,TRUE,TRUE,TRUE,FALSE,FALSE,,
AppWorld,b119b1f_2,https://github.com/LakshyAAAgrawal/AppWorld/blob/main/notebooks/experiments/outputs/multiagent_system_all_agents/full_logs/b119b1f_2.txt,"- Soptify agent asks for access token, supervisor returns password, spotify agent looks at login API and asks email for username.
- Bad practice: access token is not stored in a variable, spotify agent uses it in full every time. this may lead to hallucinations?
- Supervisor does not tell the spotify agent about the objective",TRUE,,,FALSE,FALSE,FALSE,FALSE,FALSE,TRUE,FALSE,FALSE,TRUE,FALSE,FALSE,FALSE,FALSE,FALSE,,,,,,,,,,
AppWorld,cf6abd2_3,https://github.com/LakshyAAAgrawal/AppWorld/blob/main/notebooks/experiments/outputs/multiagent_system_all_agents/full_logs/cf6abd2_3.txt,No communication problems encountered,TRUE,,,FALSE,FALSE,FALSE,FALSE,FALSE,FALSE,FALSE,FALSE,FALSE,FALSE,FALSE,FALSE,FALSE,FALSE,FALSE,FALSE,FALSE,FALSE,FALSE,FALSE,FALSE,FALSE,FALSE,
AppWorld,7d7fbf6_2,https://github.com/LakshyAAAgrawal/AppWorld/blob/main/notebooks/experiments/outputs/multiagent_system_all_agents/full_logs/7d7fbf6_2.txt,No communication problems encountered,TRUE,,,FALSE,FALSE,FALSE,FALSE,FALSE,FALSE,FALSE,FALSE,FALSE,FALSE,FALSE,FALSE,FALSE,FALSE,FALSE,FALSE,FALSE,FALSE,FALSE,FALSE,FALSE,FALSE,FALSE,FALSE
AppWorld,0d8a4ee_1,https://github.com/LakshyAAAgrawal/AppWorld/blob/main/notebooks/experiments/outputs/multiagent_system_all_agents/full_logs/0d8a4ee_1.txt,"- Makes incorrect inference about response from `search_users` being empty if the Venmo account does not exist
- Another observed challenge: Several rounds for login attempts due to supervisor being unsure about which username to use for phone app: email id or phone number",FALSE,,,,TRUE,TRUE,,,TRUE,,,,,,,,,,,,,,,,,,
AppWorld,34d9492_1,https://github.com/LakshyAAAgrawal/AppWorld/blob/main/notebooks/experiments/outputs/multiagent_system_all_agents/full_logs/34d9492_1.txt,"- To begin with, file_system did not ask for the list of APIs supported by file_system
- Supervisor often invokes supervisor apis that do not exist (such as show_personal_information(), and does not query for available APIs before requesting information
- Again, misses to check API spec for send_message() and passes the parameter ""username"" whcih does not exist (Incorrect assumption)
- Takes more than 5 rounds to understand that the files_list contains full filename paths and not just the filenames despite seeing the complete error message again and again -- an ambiguity! Takes 3 more conversation rounbds to fix this error - Miscommunication between file_system and supervisor agent. Information being lost in translating to code. Even after identifying the issue, the file_system agent goes to the supervisor (unnecessary turn) with incomplete information (introduces confusion/ambiguity)
- Next, the supervisor redefines and re-writes the file_metadata attribute and elipses 40 elements of the list! The file_system agent uses this shortened list and fails to move all files to actual destinations:
Response from Supervisor Agent
    # Now, let's move the files to their respective directories based on their creation dates. Files created in February 2023 go to Petra, March 2023 to Budapest, and others to Amsterdam.
    # Let's start with moving the files to the Petra directory.
    files_metadata = [
        {'file_id': 25860, 'path': '/home/paul/photographs/vacations/img_02237d7.jpg', 'created_at': '2023-02-14T20:19:51'},
        {'file_id': 25887, 'path': '/home/paul/photographs/vacations/img_0d36b21.jpeg', 'created_at': '2022-03-05T23:51:23'},
        {'file_id': 25866, 'path': '/home/paul/photographs/vacations/img_0e15e48.jpg', 'created_at': '2023-03-20T01:44:08'},
        # ... (other files)
    ]",FALSE,,,,,,,,,,,,,,,,,,,,,,,,,,
AppWorld,34d9492_2,https://github.com/LakshyAAAgrawal/AppWorld/blob/main/notebooks/experiments/outputs/multiagent_system_all_agents/full_logs/34d9492_2.txt,"- Supervisor does not know its own APIs, and calls show_account_usernames() before checking available APIs.
- Then, it asks the file_system agent to use show_account() to get the email id, but this again needs the access token. These are unnecessary conversational turns because the supervisor is not aware of its functions
- It then assumes that the user id must be the email, which turns out true in this case, but did not work well in the phone app case (where user id was phone number)
- Supervisor and file system agent proceed to processing each file one by one, taking up excessive conversation turns",FALSE,,,,,,,,,,,TRUE,,,,,,,,,,,,,TRUE,,
AppWorld,396c5a2_2,https://github.com/LakshyAAAgrawal/AppWorld/blob/main/notebooks/experiments/outputs/multiagent_system_all_agents/full_logs/396c5a2_2.txt,"- spotify agent asks the supervisor for the access token instead of username and password. There is loss of context because instead of logging in upfront, a lot of logs for artist and song search occupy the agent's context, and it misses instructions from the base prompt.
- Supervisor agent introduces miscommunication by passing the password as access token. Once again, supervisor doesn't know that the send_message() API does not have a ""access_token"" parameter.
- Spotify directly uses this password as the access token and fails
- Supervisor doesn't know how to guide the spotify agent and marks the task as failed",FALSE,,,,,,,,TRUE,,,,,,,,,,,,,,,,,,
AppWorld,3c13f5a_3,https://github.com/LakshyAAAgrawal/AppWorld/blob/main/notebooks/experiments/outputs/multiagent_system_all_agents/full_logs/3c13f5a_3.txt,"- supervisor passes the account_name as the username and creates a miscommunication again
- Supervisor again uses the send_message() API with non-existent parameter names
- file system agent manufactures context (hallucinates) and assumes that the reciept is stored in a folder called ""Cable_bills"" and faces an error because the folder does not exist, and then checks folders to find bills/cable/
- Loss of context already fetched: Although the file system agent had already gathered the current month and year, it goes back to the supervisor agent with the filenames for it to select the bill for the last month. Supervisor agent again executes code to find current month and year.
- Next, the supervisor must interact with the phone app. supervisor again introduces miscommunication by passing the password as the access token. Phone agent also fails to provide login specs to the supervisor and the task is marked as fail. ",FALSE,,,,,,,,,,,,,,,,,,,,,,,,,,
AppWorld,6171bbc_2,https://github.com/LakshyAAAgrawal/AppWorld/blob/main/notebooks/experiments/outputs/multiagent_system_all_agents/full_logs/6171bbc_2.txt,- Supervisor assumes password to be access token again and marks the task as failed,FALSE,,,,,,,,,,,,,,,,,,,,,,,,,,
AppWorld,df61dc5_2,https://github.com/LakshyAAAgrawal/AppWorld/blob/main/notebooks/experiments/outputs/multiagent_system_all_agents/full_logs/df61dc5_2.txt,"- Supervisor doesn't pass username
- Then supervisor passes email as username, and then marks task as failed",FALSE,,,,,,,,,,,,,,,,,,,,,,,,,,
AppWorld,0d8a4ee_3,https://github.com/LakshyAAAgrawal/AppWorld/blob/main/notebooks/experiments/outputs/multiagent_system_all_agents/full_logs/0d8a4ee_3.txt,"- phone app asks for username and password; supervisor provides only password; phone agent has to ask for username again; and the supervisor doesn't know how to retrieve the username, calls a non-existent API
- Phone agent doesn't mention that the username has to be a phone number. The supervisor first tries to pass the name, email, and then exits the task.",FALSE,,,,,,,,,,,,,,,,,,,,,,,,,,
AppWorld,b0a8eae_1,https://github.com/LakshyAAAgrawal/AppWorld/blob/f5f35c9eeba75dc33fe0573d479c920d7f969500/notebooks/experiments/outputs/multiagent_system/full_logs/b0a8eae_1.txt,"1. Task presented to Simple Note agent to retrieve workout.
2. Simple Note agent asks for username and password directly, not access token from supervisor.
3. Simple Note agent responds with metadata about the note, rather than note content even though the task given was ""Get my workout plan for today""
4. Supervisor sends message to ""Get content of the note with title ...""
5. Simple Note agent returns the full content of the note
6. Supervisor determines the current day using the datetime API
7. Workout duration is determined as 85 mins from the note for today (tuesday)
8. Message to spotify agent to ""list my playlists""
9. Spotify asks for access token instead of id/pass from supervisor
10. Supervisor who had already interacted with simple_note in a similar manner and knows that access token can be got by logging, directly retrieves the username and password and gives it to spotify agent instructing it to login.
11. Spotify agent successfully logs in. Retrieves the playlist using API. BUT, does not consider pagination of the API inspite being instructed to do so.
12. Supervisor and Spotify agent go in a loop, asking the duration of each playlist, one by one. Ultimately, Supervisor concludes that none of the playlists are long enough, and fails the task.",FALSE,,,Information Loss,Inefficiency due to multiple conversation rounds,,,,,,,,,,,,,,,,,,,,,,
AppWorld,cf6abd2_1,https://github.com/LakshyAAAgrawal/AppWorld/blob/f5f35c9eeba75dc33fe0573d479c920d7f969500/notebooks/experiments/outputs/multiagent_system/full_logs/cf6abd2_1.txt,"1. Tries to call undefined agent 'note_taking_app', queries app descriptions, and then sends message to ""simple_note"" to ""List all my notes""
2. Looks into simple_notes API, finds login is required for search, asks directly for username and password
3. Tries to search for email in supervisor app, even though it is provided in prompt. Tries to call send_message with args username and password, even though API is defined as taking 2 in the prompt. Sends as text after.
4. Login -> Access token -> search_notes without query. Paginated API but not handled properly. Return incomplete notes list to supervisor.
5. Supervisor writes query ""Show my Bucket list notes""
6. SimpleNote Agent assumes that ""Bucket List"" is a tag and searches for it via tag search api. Search comes out empty.
7. Supervisor receives empty response, and thinks ""no notes titled or tagged Bucket List"". 
8. queries ""List all notes"".
9. SimpleNote agent searches without query, but does not handle pagination. Returns incomplete list.
10. Supervisor instructs to Create new Bucker List note.
11. SimpleNote agent creates new note, and marks "" - Done"", debatably wrong or at least not clear from supervisor what it wished.
12. Supervisor marks task as completed.",FALSE,,,Information loss,incorrect assumption,,,,,,,,,,,,,,,,,,,,,,
AppWorld,82e2fac_1,https://github.com/LakshyAAAgrawal/AppWorld/blob/f5f35c9eeba75dc33fe0573d479c920d7f969500/notebooks/experiments/outputs/multiagent_system/full_logs/82e2fac_1.txt,"1. Ask spotify agent to ""Get my playlists""
2. Spotify agent asks for ""access token""
3. Supervisor checks the show_account_password API, realizes it got the password, not access_token, looks for API to get access_token, doesn't find. Instructs Spotify agent to provide access token using password.
4. Ask for email. Get.
5. Spotify Agent calls the playlist API, but does not account for pagination again, in spite instructed to do so. returns incomplete list of playlists.
6. Supervisor -> Spotify (get most liked songs from my playlists)
7. Writes the correct logic to get song like counts, and returns most liked song (from the incomplete playlists)
8. Supervisor marks task as completed.",FALSE,,,--,--,,,,,,,,,,,,,,,,,,,,,,
AppWorld,ccb4494_1,https://github.com/LakshyAAAgrawal/AppWorld/blob/f5f35c9eeba75dc33fe0573d479c920d7f969500/notebooks/experiments/outputs/multiagent_system/full_logs/ccb4494_1.txt,"1. Supervisor -> Spotify ('Get the list of songs played so far, including the current one.')
2. Spotify asks supervisor for access token
3. Supervisor reflects: I have password, but need token. Searches for APIs, finally replies to Spotify ('Authenticate using password ...')
4. Spotify asks Supervisor for Spotify username
5. Supervisor determines username not available, decides to use email. Sends
6. Spotify agent finds the queue, and returns list of ALL songs in queue instead of the required information ('all songs played SO FAR including current')
7. Supervisor generated code to send_message(...) in a loop to 'Like the song with song_id idx'. Environment said that only one call to send_message is allowed per block. Instead of clubbing together all content in a single send_message, the Supervisor then decides to send_message(...) one by one for each song retrieved.
Potential Improvement Idea: If multiple calls are made to the send_message(...) in one code block, combine the strings from all, and send it as one message to the other agent.
8. The rest of the program is just iteratively liking all songs. Fail",FALSE,,,Too much information,Inefficiency due to multiple conversation rounds,,,,,,,,,,,,,,,,,,,,,,
AppWorld,692c77d_1,https://github.com/LakshyAAAgrawal/AppWorld/blob/f5f35c9eeba75dc33fe0573d479c920d7f969500/notebooks/experiments/outputs/multiagent_system/full_logs/692c77d_1.txt,"1. Supervisor -> Spotify ('Get my playlists')
2. Spotify asks for access token
3. Supervisor reflects: ""The password is not the access token. Search for access token""
4. Failing, Supervisor reflects: ""I will try using spotify password as access token""
5. Calls send_message(...) with extra kwarg access_token. Fails. Sends to Spotify 'Get my playlists with access token <password>'
6. Spotify tries calling playlist API WITH PAGING info. Fails. Replies to supervisor ""access token is invalid. Provide valid...""
7. Supervisor reflects ""It seems the password is not the access token, and I need a valid access token to proceed. Since I cannot retrieve it from the supervisor app, I will have to mark this task as failed."" and marks the task as failed!",,,,--,--,,,,,,,,,,,,,,,,,,,,,,
AppWorld,ce359b5_1,https://github.com/LakshyAAAgrawal/AppWorld/blob/f5f35c9eeba75dc33fe0573d479c920d7f969500/notebooks/experiments/outputs/multiagent_system/full_logs/ce359b5_1.txt#L3,"1. Supervisor -> Spotify ('Get all songs in my library')
2. Spotify finds the API and reflects: ""This API supports Pagination"". Assumes access_token to be filled later, and generates code. Authorization error.
3. Ask supervisor for ""valid spotify access token""
4. Supervisor reflects ""I have pasword, not access token"". Sends to spotify to authenticate using password.
5. Authenticates, but reflects that failed to authenticate. Return response to supervisor. Supervisor sees access token, replies ""Get all songs in library using access token""
6. Writes code to retrieve. But fails to use the API correctly even though present in context. Typeerror
7. Fixes. Just returns the ""total number of songs in your library"" to supervisor, but was asked for ""Get all songs in my library""
8. Supervisor -> Spotify (Get details of all songs in my library)
9. Returns details.
10. Supervisor -> Spotify (""Get release dates for songs in library"")
11. Returns
12. Supervisor Writes code to identify songs before 2021, and writes send_message in a loop to remove song from song library. Environment fails with ""only one send_message in one code block""
13. Starts doing iterative. Many iterative calls
14. Supervisor Retrieves all playlist again
15. Asks for details of songs in playlist 192. Returns same.
16. Specifically ask for release date of songs by name in playlist 192
17. Supervisor asks for release dates on multiple songs, but spotify returns only 1!
18. Repeats 17
19. The spotify agent has written the wrong code, and keeps using the same, wrong code returning wrong results for release dates.
20. Supervisor reflects: It seems there is a consistent issue with retrieving release dates for songs in playlists. Given the constraints, I will mark the task as complete with the actions taken so far.
21. Task marked as failed.",,,,Information Loss,Inefficiency due to multiple conversation rounds,,,,,,,,,,,,,,,,,,,,,,
AppWorld,df61dc5_2,https://github.com/LakshyAAAgrawal/AppWorld/blob/main/notebooks/experiments/outputs/multiagent_system_all_agents/full_logs/df61dc5_2.txt,"1. Supervisor --> Code executor (to determine the ongoing month) 
2. Code execution returns. 
3. Supervisor --> Phone Agent ('Get my contacts list') 
4. Phone Agent checks the available APIs under the phone app and decides that 'show_contact_relationships' is the right one to use. 
5. Phone Agent checks the specification of the previous API. 
6. Phone Agent realizes that an access_token is required. 
7. Phone Agent checks the login API specification to understand how to get the token. 
8. The specification declares that the phone number (as username) and the password are required. 
9. Phone Agent asks Supervisor the username and the password without specifying that the username is the phone number. 
10. The supervisor tries to retrieve the username and the password with show_account_passwords() which returns only the passwords. 
11. The supervisor asks Phone Agent to login anyway. 
12. Phone Agent bounces back the request. 
13. Supervisor hallucinates by calling invented methods (show_account_usernames(), show_personal_info(), ...)
14. Supervisor finally calls the show_profile() function but decides that the username to use is the email. 
15. Login fails. 
16. Supervisor gives up. ",FALSE,,,,Phone agent underspecifies. Supervisor gives up too early. Hallucinations.  ,,,,,,,,,,,,,,,,,,,,,,
AppWorld,d4e9306_2,https://github.com/LakshyAAAgrawal/AppWorld/blob/main/notebooks/experiments/outputs/multiagent_system_all_agents/full_logs/d4e9306_2.txt,"1. Supervisor --> Spotify ('Get my liked songs')
2. Spotify check the specs of show_liked_songs and concludes that a token is required. 
3. Spotify asks Supervisor to provide the token. 
4. Supervisor uses show_account_password to get get the password instead of the token. 
5. Supervisor gives the password to Spotify. 
6. Spotify tries to use the password as token. 
7. Spotify communicates that the token provided is not valid. 
8. Supervisor understands that the password is not the token, hallucitates and checks an inexistent function (show_account_tokens). 
9. Supervisor then checks the list of available APIs to see if there is one that provides the token. 
10. Supervisor concludes that it cannot continue with the task. 

",FALSE,,,,Mis-alignment on password vs token. Spotify doesn't specify how to get the token. Hallucinations.,,,,,,,,,,,,,,,,,,,,,,
AppWorld,024c982_2,https://github.com/LakshyAAAgrawal/AppWorld/tree/f5f35c9eeba75dc33fe0573d479c920d7f969500/experiments/outputs/multiagent_system_all_agents_final_run/full_logs/024c982_2.txt,"1. Supervisor determines it needs contact information from Phone to ""ensure I have the correct details for the Venmo request.""
2. Phone agent determines to use the ""search_contacts"" api, needs access token, and it determines ""I will first check if I need to log in to obtain this token."", something none of the previous interactions did
3. Phone agent finds that it needs the username and password. It has the info that username is phone number, but generically asks the supervisor to just provide ""Could you please provide your username and password to log in and access the contact details""
4. Supervisor provides email as username (incorrect) and correct password to phone agent
5. The phone agent, knowing that username is phone number and it instead got the email address, still proceeds to try to login. Fails, and again generically asks the supervisor ""The login attempt failed due to invalid credentials. Could you please verify the username and password and provide the correct ones?""
6. Supervisor agent tries to invoke a non-existent ""supervisor"" child agent to ""Get my personal information"" after several rounds of trying and failing to get the right username
7. Supervisor tries a different approach: Instead of asking for contact details of Melissa, it instead asks phone agent to ""list all contacts"", this also fails due to login issues
8. Supervisor tries a different approach: Contact the Venmo agent directly to 'Request $28 from Melissa privately with note ""For the movie tickets""'
9. Venmo agent looks at available Venmo APIs, and finds ""search_users"" api. It needs access token. Directly asks the supervisor ""Could you please provide the access token for your Venmo account so I can proceed with the request?""
10. Supervisor again tries to invoke the non-existent ""supervisor"" child agent. Fails, then Supervisor rightly tells the venmo app the email address and password,
11. The venmo agent logs in, and performs the search for user ""Melissa""
12. Finds the user correctly and proceeds to create the request",TRUE,,,,,,,,,,,,,,,,,,,,,,,,,,
AppWorld,042a9fc_2,https://github.com/LakshyAAAgrawal/AppWorld/tree/f5f35c9eeba75dc33fe0573d479c920d7f969500/experiments/outputs/multiagent_system_all_agents_final_run/full_logs/042a9fc_2.txt,"1. Spotify agent asks supervisor for access token in spite of documentation specifying that it is obtained via login
2. Supervisor tries to send password as access token, via non-existent ""access_token"" kwarg to send_message. Fails
3. Supervisor just sends the generic task again ""Get my playlists""
4. Spotify agent again asks for access token
5. Supervisor sends the password, as access token
6. Supervisor gives up on trying to retrieve playlists from Spotify. Now, instead, it asks the phone agent to 'Get messages from my siblings about the road trip playlist'
7. Phone agent finds the api, determines it needs access token, looks up the login api, and rightly asks for the username and password from the supervisor. But, the username is ""phone number"" which the phone agent doesnt tell the supervisor about
8. Supervisor provides email as wrong username, and correct password. Login attempt fails. Phone agent writes a generic response ""verify your username and password"" ...
9. Supervisor actually hypothesizes that the phone number could be the username. Sends the phone number and password to phone agent.
10. Able to retrieve all messages. Supervisor then sends the appropriate instruction to add/remove songs to Spotify
11. Spotify agent then goes song by song, making one API call, and one conversation turn for each song to be added/deleted, to search for the song ids
12. It then tries to add the songs. Fails due to access token.
13. Supervisor fails the task as it can't find the access token.",FALSE,,,,,,,,,,,,,,,,,,,,,,,,,,
AppWorld,09b0ee6_2,https://github.com/LakshyAAAgrawal/AppWorld/tree/f5f35c9eeba75dc33fe0573d479c920d7f969500/experiments/outputs/multiagent_system_all_agents_final_run/full_logs/09b0ee6_2.txt,"1. Supervisor to Spotify agent ""Get my playlists"", this exact command was issued in another task.
2. Spotify agent finds the API. Sees that it needs access token, asks the supervisor directly for access token, even though it knows it is supposed to get it after login
3. Supervisor recognises that it has the password, but does not know the access token. It passes the password as the access token instead
4. Spotify agent gets invalid credentials error, and asks supervisor to verify token and provide new one.
5. Supervisor marks task as failed",,,,,,,,,,,,,,,,,,,,,,,,,,,
AppWorld,0a9d82a_2,https://github.com/LakshyAAAgrawal/AppWorld/tree/f5f35c9eeba75dc33fe0573d479c920d7f969500/experiments/outputs/multiagent_system_all_agents_final_run/full_logs/0a9d82a_2.txt,"1. Supervisor asks simple note agent to provide logs for the topic
2. Simplenote agent finds the right api, determines it needs access token, determines it needs the login details username and password for the access token. Writes message to supervisor asking for username and password. Good
3. Supervisor sends the email as username and password
4. Note agent returns the correct information
5. Supervisor writes the wrong logic to calculate the final answer, and submits the final answer",,,,,,,,,,,,,,,,,,,,,,,,,,,
AppWorld,0d01c76_2,https://github.com/LakshyAAAgrawal/AppWorld/tree/f5f35c9eeba75dc33fe0573d479c920d7f969500/experiments/outputs/multiagent_system_all_agents_final_run/full_logs/0d01c76_2.txt,"1. Supervisor asks filesystem agent to list files. Filesystem agent determines it needs access token, and needs to login for access token. Asks for username and password from the supervisor. Good
2. Supervisor finds the password and provides it (without the username). The filesystem agent then asks for ""both the username and password""
3. Supervisor provides email address. Filesystem agent replies with list of files and folders in the directory
4. Now supervisor initiates a conversation one by one for each of the file, asking the filesystem agent to read the file and return its content
5. Supervisor sends a message to simple note to login with email and password
6. The simple note agent logs in, and proceeds to hallucinate creation of a note
7. Now supervisor provides instruction to create first note. Simplenote agent does so successfully.
8. Now supervisor writes code to loop over all files, with send_message to filesystem to read content, and send_message to simple agent to write it to a new note. However, the system doesn't allow multiple send messages in same block and a message is returned ""Only one call to send_message is allowed per code block.""
9. It then starts going one by one. It makes some logical mistake in using an empty variable to refer to content to be passed to simple note agent.
10. Finally, reaches maximum number of interactions, and fails the task",,,,,,,,,,,,,,,,,,,,,,,,,,,
AppWorld,0de03ea_2,https://github.com/LakshyAAAgrawal/AppWorld/tree/f5f35c9eeba75dc33fe0573d479c920d7f969500/experiments/outputs/multiagent_system_all_agents_final_run/full_logs/0de03ea_2.txt,"1. Supervisor asks spotify agent to list playlists. Spotify agent asks for the access token even though it knows that the access token is to be obtained after login.
2. Supervisor looks for access token, doesn't find it. Then, it asks spotify agent ""How can I obtain the access token for my account"". Good
3. Spotify agent responds generically stating that ""To obtain an access token for your Spotify account, you typically need to authenticate through Spotify's authorization process. This involves logging into your Spotify account and granting permission to the application to access your data. If you have already completed this process and have an access token, please provide it so I can proceed with listing your playlists."". The spotify agent is aware that it has access to the login api, and it can ask for username and password but it still chose to respond generically.
4.  Supervisor marks the task as failed, due to not being able to interact with the APIs.",,,,,,,,,,,,,,,,,,,,,,,,,,,
AppWorld,1150ed6_2,https://github.com/LakshyAAAgrawal/AppWorld/tree/f5f35c9eeba75dc33fe0573d479c920d7f969500/experiments/outputs/multiagent_system_all_agents_final_run/full_logs/1150ed6_2.txt,"1. Supervisor asks Spotify agent to get list of albums in library
2. Spotify agent asks for access token, even though it sees it can be obtained via login
3. Supervisor tries to pass the password as access token, but fails to send it due to calling send_message API wrongly. Finally sends it in the message body. Bad
4. Spotify agent faces credential issue. Asks supervisor to verify access token
5. Supervisor tries to search for access token, and marks the task as failure",,,,,,,,,,,,,,,,,,,,,,,,,,,
AppWorld,13547f5_2,https://github.com/LakshyAAAgrawal/AppWorld/tree/f5f35c9eeba75dc33fe0573d479c920d7f969500/experiments/outputs/multiagent_system_all_agents_final_run/full_logs/13547f5_2.txt,,,,,,,,,,,,,,,,,,,,,,,,,,,,
AppWorld,166f4ff_2,https://github.com/LakshyAAAgrawal/AppWorld/tree/f5f35c9eeba75dc33fe0573d479c920d7f969500/experiments/outputs/multiagent_system_all_agents_final_run/full_logs/166f4ff_2.txt,,,,,,,,,,,,,,,,,,,,,,,,,,,,
AppWorld,21abae1_2,https://github.com/LakshyAAAgrawal/AppWorld/tree/f5f35c9eeba75dc33fe0573d479c920d7f969500/experiments/outputs/multiagent_system_all_agents_final_run/full_logs/21abae1_2.txt,,,,,,,,,,,,,,,,,,,,,,,,,,,,
AppWorld,270f1ff_2,https://github.com/LakshyAAAgrawal/AppWorld/tree/f5f35c9eeba75dc33fe0573d479c920d7f969500/experiments/outputs/multiagent_system_all_agents_final_run/full_logs/270f1ff_2.txt,,,,,,,,,,,,,,,,,,,,,,,,,,,,
AG2,305925e4-8c67-5460-abdb-b143cf45a9fd,https://github.com/LakshyAAAgrawal/MultiAgentFailureTaxonomyAnnotations/blob/main/AG2/305925e4-8c67-5460-abdb-b143cf45a9fd_human.json,The agente invented a missing number. ,FALSE,,,FALSE,FALSE,FALSE,FALSE,FALSE,FALSE,FALSE,FALSE,FALSE,FALSE,FALSE,FALSE,FALSE,FALSE,FALSE,FALSE,FALSE,FALSE,FALSE,FALSE,TRUE,FALSE,,
AG2,bb32247c-aef8-5366-8d9c-1ac7e032b48f,https://github.com/LakshyAAAgrawal/MultiAgentFailureTaxonomyAnnotations/blob/main/AG2/bb32247c-aef8-5366-8d9c-1ac7e032b48f_human.json,The answer was correct. ,TRUE,,,FALSE,FALSE,FALSE,FALSE,FALSE,FALSE,FALSE,FALSE,FALSE,FALSE,FALSE,FALSE,FALSE,FALSE,FALSE,FALSE,FALSE,FALSE,FALSE,FALSE,FALSE,FALSE,,
AG2,02da9c1f-7c36-5739-b723-33a7d4f8e7e7,https://github.com/LakshyAAAgrawal/MultiAgentFailureTaxonomyAnnotations/blob/main/AG2/02da9c1f-7c36-5739-b723-33a7d4f8e7e7_human.json,The solution is correct. The mathproxyagent keeps asking to continue even if it was clear that the problem was unsolvable. ,TRUE,,,FALSE,FALSE,FALSE,FALSE,FALSE,FALSE,FALSE,FALSE,FALSE,TRUE,FALSE,FALSE,FALSE,FALSE,FALSE,FALSE,TRUE,FALSE,FALSE,FALSE,FALSE,FALSE,,
AG2,c6f0169a-6b0f-5a3f-a3bb-a9435480d9a7,https://github.com/LakshyAAAgrawal/MultiAgentFailureTaxonomyAnnotations/blob/main/AG2/c6f0169a-6b0f-5a3f-a3bb-a9435480d9a7_human.json,The answer was correct. ,TRUE,,,FALSE,FALSE,FALSE,FALSE,FALSE,FALSE,FALSE,FALSE,FALSE,FALSE,FALSE,FALSE,FALSE,FALSE,FALSE,FALSE,FALSE,FALSE,FALSE,FALSE,FALSE,FALSE,,
AG2,a536a498-8195-51c7-8f84-9fd235b62490,https://github.com/LakshyAAAgrawal/MultiAgentFailureTaxonomyAnnotations/blob/main/AG2/a536a498-8195-51c7-8f84-9fd235b62490_human.json,The answer was given the the question. The agents solved another problem. ,FALSE,,,FALSE,FALSE,FALSE,FALSE,FALSE,FALSE,TRUE,FALSE,FALSE,FALSE,FALSE,FALSE,TRUE,FALSE,FALSE,FALSE,FALSE,FALSE,FALSE,FALSE,FALSE,FALSE,,
AG2,2e7a0791-92af-5e3c-b186-145c42105766,https://github.com/LakshyAAAgrawal/MultiAgentFailureTaxonomyAnnotations/blob/main/AG2/2e7a0791-92af-5e3c-b186-145c42105766_human.json,Wrong step in the reasoning. No verification. ,FALSE,,,FALSE,FALSE,FALSE,FALSE,FALSE,FALSE,FALSE,FALSE,FALSE,FALSE,FALSE,TRUE,TRUE,FALSE,FALSE,FALSE,FALSE,FALSE,FALSE,FALSE,FALSE,FALSE,,
AG2,a5714da3-9107-5a28-a6df-bb97dcf4e29a,https://github.com/LakshyAAAgrawal/MultiAgentFailureTaxonomyAnnotations/blob/main/AG2/a5714da3-9107-5a28-a6df-bb97dcf4e29a_human.json,Confused the number of fish with the cost of them. ,FALSE,,,FALSE,FALSE,FALSE,FALSE,FALSE,FALSE,FALSE,FALSE,FALSE,FALSE,FALSE,FALSE,TRUE,FALSE,FALSE,FALSE,FALSE,FALSE,FALSE,FALSE,FALSE,FALSE,,
AG2,ac636464-515f-5ffc-b284-a9f738e74a2c,https://github.com/LakshyAAAgrawal/MultiAgentFailureTaxonomyAnnotations/blob/main/AG2/ac636464-515f-5ffc-b284-a9f738e74a2c_human.json,Correct answer. ,TRUE,,,FALSE,FALSE,FALSE,FALSE,FALSE,FALSE,FALSE,FALSE,FALSE,FALSE,FALSE,FALSE,FALSE,FALSE,FALSE,FALSE,FALSE,FALSE,FALSE,FALSE,FALSE,FALSE,,
AG2,7a11cca5-aa2e-5f44-8ff9-35f3bbd0946e,https://github.com/LakshyAAAgrawal/MultiAgentFailureTaxonomyAnnotations/blob/main/AG2/7a11cca5-aa2e-5f44-8ff9-35f3bbd0946e_human.json,mathproxyagent computed the difference with respect to the sum of previous two days. ,FALSE,,,FALSE,TRUE,FALSE,FALSE,FALSE,FALSE,FALSE,FALSE,FALSE,FALSE,FALSE,FALSE,TRUE,FALSE,FALSE,FALSE,FALSE,FALSE,FALSE,FALSE,FALSE,FALSE,,
AG2,58be8739-d76d-579a-8ceb-ffc2f3064f18,https://github.com/LakshyAAAgrawal/MultiAgentFailureTaxonomyAnnotations/blob/main/AG2/58be8739-d76d-579a-8ceb-ffc2f3064f18_human.json,The question was ambigous because it doesn't state that the only remining activity is sightseeing.,FALSE,,,TRUE,FALSE,TRUE,FALSE,FALSE,FALSE,FALSE,FALSE,FALSE,FALSE,FALSE,FALSE,FALSE,FALSE,FALSE,FALSE,FALSE,FALSE,FALSE,FALSE,FALSE,FALSE,,
AG2,882b00dd-ba1e-553d-b3c7-2760e2ff169c,https://github.com/LakshyAAAgrawal/MultiAgentFailureTaxonomyAnnotations/blob/main/AG2/882b00dd-ba1e-553d-b3c7-2760e2ff169c_human.json,The original answer was wrong. Not only it was not specified the time frame but also in how many days should be we compute the difference.The agents just gave one possible interpretation. ,FALSE,,,FALSE,FALSE,TRUE,FALSE,FALSE,FALSE,FALSE,FALSE,FALSE,FALSE,FALSE,FALSE,FALSE,FALSE,FALSE,FALSE,FALSE,FALSE,FALSE,FALSE,FALSE,FALSE,,
AG2,d442f2ae-2e65-5547-82c5-4a325f8d8710,https://github.com/LakshyAAAgrawal/MultiAgentFailureTaxonomyAnnotations/blob/main/AG2/d442f2ae-2e65-5547-82c5-4a325f8d8710_human.json,"Iitially answered correcly, then it decides to change idea. ",FALSE,,,FALSE,FALSE,FALSE,FALSE,FALSE,FALSE,TRUE,FALSE,FALSE,FALSE,FALSE,FALSE,TRUE,FALSE,FALSE,FALSE,FALSE,FALSE,FALSE,FALSE,FALSE,FALSE,,
AG2,957ccc1d-ac66-5a10-9755-aa2a1044d4ab,https://github.com/LakshyAAAgrawal/MultiAgentFailureTaxonomyAnnotations/blob/main/AG2/957ccc1d-ac66-5a10-9755-aa2a1044d4ab_human.json,The number of days was wrong. It could compute it in Python. ,FALSE,,,FALSE,TRUE,FALSE,FALSE,FALSE,FALSE,FALSE,FALSE,FALSE,FALSE,FALSE,FALSE,TRUE,FALSE,FALSE,FALSE,FALSE,FALSE,FALSE,FALSE,FALSE,FALSE,,
AG2,08a6477e-37a2-5633-8a6e-478b568a578e,https://github.com/LakshyAAAgrawal/MultiAgentFailureTaxonomyAnnotations/blob/main/AG2/08a6477e-37a2-5633-8a6e-478b568a578e_human.json,The agent invented a data not mentioned in the text. ,FALSE,,,FALSE,FALSE,FALSE,FALSE,FALSE,FALSE,FALSE,FALSE,FALSE,FALSE,FALSE,TRUE,TRUE,FALSE,FALSE,FALSE,FALSE,FALSE,FALSE,FALSE,TRUE,FALSE,,
AG2,c8a83329-9e1c-5201-a22a-f831bc45e949,https://github.com/LakshyAAAgrawal/MultiAgentFailureTaxonomyAnnotations/blob/main/AG2/c8a83329-9e1c-5201-a22a-f831bc45e949_human.json,Assumption not based on any real data. ,FALSE,,,FALSE,TRUE,FALSE,FALSE,FALSE,FALSE,FALSE,FALSE,FALSE,FALSE,FALSE,FALSE,TRUE,FALSE,FALSE,FALSE,FALSE,FALSE,FALSE,FALSE,FALSE,FALSE,,
AG2,8ebbc1ed-c0c2-522e-8949-60cb5dd24938,https://github.com/LakshyAAAgrawal/MultiAgentFailureTaxonomyAnnotations/blob/main/AG2/8ebbc1ed-c0c2-522e-8949-60cb5dd24938_human.json,"There is a contradiction in the text and different solutiona are possible. The agent shoudl ask for clarifications. At the first attempt, it splitted the Python code into two pieces causing execution error. ",FALSE,,,TRUE,FALSE,TRUE,FALSE,FALSE,FALSE,FALSE,FALSE,FALSE,FALSE,FALSE,TRUE,TRUE,FALSE,FALSE,FALSE,FALSE,FALSE,FALSE,FALSE,FALSE,FALSE,,
AG2,14137873-7797-5cdd-ae7f-abb88d8158a3,https://github.com/LakshyAAAgrawal/MultiAgentFailureTaxonomyAnnotations/blob/main/AG2/14137873-7797-5cdd-ae7f-abb88d8158a3_human.json,One mistake in the transportation of the passage into arithmetic. ,FALSE,,,FALSE,FALSE,FALSE,FALSE,FALSE,FALSE,FALSE,FALSE,FALSE,FALSE,FALSE,TRUE,TRUE,FALSE,FALSE,FALSE,FALSE,FALSE,FALSE,FALSE,FALSE,FALSE,,
AG2,d8c37fac-fcc1-5fdd-9dc4-4daf33a02f73,https://github.com/LakshyAAAgrawal/MultiAgentFailureTaxonomyAnnotations/blob/main/AG2/d8c37fac-fcc1-5fdd-9dc4-4daf33a02f73_human.json,The answer was correct. ,TRUE,,,FALSE,FALSE,FALSE,FALSE,FALSE,FALSE,FALSE,FALSE,FALSE,FALSE,FALSE,FALSE,FALSE,FALSE,FALSE,FALSE,FALSE,FALSE,FALSE,FALSE,FALSE,FALSE,,
AG2,879c8582-0405-55b7-bdaa-94202ce844ac,https://github.com/LakshyAAAgrawal/MultiAgentFailureTaxonomyAnnotations/blob/main/AG2/879c8582-0405-55b7-bdaa-94202ce844ac_human.json,Wrong mathematical operation and used // instead of / in the Python code.,FALSE,,,FALSE,FALSE,FALSE,FALSE,FALSE,FALSE,FALSE,FALSE,FALSE,FALSE,FALSE,TRUE,TRUE,FALSE,FALSE,FALSE,FALSE,FALSE,FALSE,FALSE,FALSE,FALSE,,
AG2,674c4a6f-7e3f-5f2f-9f88-4b3a7674a2f5,https://github.com/LakshyAAAgrawal/MultiAgentFailureTaxonomyAnnotations/blob/main/AG2/674c4a6f-7e3f-5f2f-9f88-4b3a7674a2f5_human.json,The answer was correct but it put the conclusion inside the box and not the number. ,FALSE,,,FALSE,FALSE,FALSE,FALSE,FALSE,FALSE,FALSE,FALSE,FALSE,FALSE,FALSE,FALSE,FALSE,TRUE,FALSE,FALSE,FALSE,FALSE,FALSE,FALSE,FALSE,FALSE,,
AG2,a49f0912-ada2-5052-91f9-94f615ec9597,https://github.com/LakshyAAAgrawal/MultiAgentFailureTaxonomyAnnotations/blob/main/AG2/a49f0912-ada2-5052-91f9-94f615ec9597_human.json,The answwr given is correct. ,TRUE,,,FALSE,FALSE,FALSE,FALSE,FALSE,FALSE,FALSE,FALSE,FALSE,FALSE,FALSE,FALSE,FALSE,FALSE,FALSE,FALSE,FALSE,FALSE,FALSE,FALSE,FALSE,FALSE,,
AG2,70d75156-c32c-5068-b64d-bd587fa0a4a5,https://github.com/LakshyAAAgrawal/MultiAgentFailureTaxonomyAnnotations/blob/main/AG2/70d75156-c32c-5068-b64d-bd587fa0a4a5_human.json,One data was mising in the original text. Th agent invented a number. ,FALSE,,,FALSE,TRUE,TRUE,FALSE,FALSE,FALSE,FALSE,FALSE,FALSE,FALSE,FALSE,FALSE,TRUE,FALSE,FALSE,FALSE,FALSE,FALSE,FALSE,FALSE,TRUE,FALSE,,
AG2,2a8fa54b-df25-5d6f-a7a0-e40885768b1b,https://github.com/LakshyAAAgrawal/MultiAgentFailureTaxonomyAnnotations/blob/main/AG2/2a8fa54b-df25-5d6f-a7a0-e40885768b1b_human.json,Didn't verify the answer. Counted one number more even if they were listed. ,FALSE,,,TRUE,FALSE,FALSE,FALSE,FALSE,FALSE,FALSE,FALSE,FALSE,FALSE,FALSE,TRUE,TRUE,FALSE,FALSE,FALSE,FALSE,FALSE,FALSE,FALSE,FALSE,FALSE,,
AG2,cd2629df-fb3c-5937-96ad-40aa20d8f149,https://github.com/LakshyAAAgrawal/MultiAgentFailureTaxonomyAnnotations/blob/main/AG2/cd2629df-fb3c-5937-96ad-40aa20d8f149_human.json,The agent supposed that the interest was only on the las month while in the text it was specified 'additional 2% of the money he owed'. ,FALSE,,,TRUE,TRUE,FALSE,FALSE,FALSE,FALSE,FALSE,FALSE,FALSE,FALSE,FALSE,FALSE,TRUE,FALSE,FALSE,FALSE,FALSE,FALSE,FALSE,FALSE,FALSE,FALSE,,
AG2,3fecef98-fc49-5912-8be2-fa8c02e949a2,https://github.com/LakshyAAAgrawal/MultiAgentFailureTaxonomyAnnotations/blob/main/AG2/3fecef98-fc49-5912-8be2-fa8c02e949a2_human.json,assistant forgot that there are two pieces. ,FALSE,,,FALSE,FALSE,FALSE,FALSE,FALSE,FALSE,FALSE,FALSE,FALSE,FALSE,FALSE,FALSE,TRUE,FALSE,FALSE,FALSE,FALSE,FALSE,FALSE,FALSE,FALSE,FALSE,,
AG2,094b6ef4-9501-550d-b9f8-4d5330d07e34,https://github.com/LakshyAAAgrawal/MultiAgentFailureTaxonomyAnnotations/blob/main/AG2/094b6ef4-9501-550d-b9f8-4d5330d07e34_human.json,Inchies / feet conversion. ,FALSE,,,FALSE,FALSE,FALSE,FALSE,FALSE,FALSE,FALSE,FALSE,FALSE,FALSE,FALSE,FALSE,TRUE,FALSE,FALSE,FALSE,FALSE,FALSE,FALSE,FALSE,FALSE,FALSE,,
AG2,65b61e80-7336-5503-84bd-8c4a500b011e,https://github.com/LakshyAAAgrawal/MultiAgentFailureTaxonomyAnnotations/blob/main/AG2/65b61e80-7336-5503-84bd-8c4a500b011e_human.json,Text understanding problem. ,FALSE,,,FALSE,TRUE,FALSE,FALSE,FALSE,FALSE,FALSE,FALSE,FALSE,FALSE,FALSE,FALSE,FALSE,FALSE,FALSE,FALSE,FALSE,FALSE,FALSE,FALSE,FALSE,FALSE,,
AG2,0ff37ee5-529e-5503-bf41-d1e9c78f578e,https://github.com/LakshyAAAgrawal/MultiAgentFailureTaxonomyAnnotations/blob/main/AG2/0ff37ee5-529e-5503-bf41-d1e9c78f578e_human.json,The correctness of the answer could be verified directly from the text but they didn't. The assistant agent set up the wrong equation. mathproxyagent didn't say anything about it. ,FALSE,,,FALSE,FALSE,FALSE,FALSE,FALSE,FALSE,FALSE,FALSE,FALSE,FALSE,FALSE,TRUE,TRUE,FALSE,FALSE,FALSE,FALSE,FALSE,FALSE,FALSE,FALSE,FALSE,,
AG2,6891537b-54d7-5f49-b9e4-790b5e6a5de6,https://github.com/LakshyAAAgrawal/MultiAgentFailureTaxonomyAnnotations/blob/main/AG2/6891537b-54d7-5f49-b9e4-790b5e6a5de6_human.json,The agent forgot that 10 cards were refused. ,FALSE,,,TRUE,FALSE,FALSE,FALSE,FALSE,FALSE,FALSE,FALSE,FALSE,FALSE,FALSE,FALSE,TRUE,FALSE,FALSE,FALSE,FALSE,FALSE,FALSE,FALSE,FALSE,FALSE,,
AG2,81dedb5e-c591-5b17-afc4-f242a2751574,https://github.com/LakshyAAAgrawal/MultiAgentFailureTaxonomyAnnotations/blob/main/AG2/81dedb5e-c591-5b17-afc4-f242a2751574_human.json,The initial length was missing but the gent proceed supposing 1. ,FALSE,,,FALSE,TRUE,FALSE,FALSE,FALSE,FALSE,FALSE,FALSE,FALSE,FALSE,FALSE,FALSE,TRUE,FALSE,FALSE,FALSE,FALSE,FALSE,FALSE,FALSE,FALSE,FALSE,,
MetaGPT,1,https://github.com/LakshyAAAgrawal/MultiAgentFailureTaxonomyAnnotations/blob/main/metagpt/run_1.json,"The task was completed but required multiple attempts due to missing dependencies,making the process inefficient.",TRUE,,,FALSE,FALSE,FALSE,FALSE,FALSE,FALSE,FALSE,FALSE,FALSE,FALSE,FALSE,FALSE,FALSE,FALSE,FALSE,FALSE,FALSE,FALSE,TRUE,FALSE,FALSE,,,
MetaGPT,2,https://github.com/LakshyAAAgrawal/MultiAgentFailureTaxonomyAnnotations/blob/main/metagpt/run_2.json,"1.The system efficiently developed and tested a playable Tic-Tac-Toe game but had minor inefficiencies in test case coverage, missing explicit input validation and tie condition scenarios initially, which were later addressed.",FALSE,,,FALSE,FALSE,FALSE,FALSE,FALSE,FALSE,FALSE,FALSE,TRUE,FALSE,FALSE,FALSE,FALSE,FALSE,FALSE,FALSE,FALSE,FALSE,FALSE,FALSE,FALSE,,,
MetaGPT,3,https://github.com/LakshyAAAgrawal/MultiAgentFailureTaxonomyAnnotations/blob/main/metagpt/run_3.json,"The trace shows an initial misidentification of the problem (attempting a tictactoe and 2048 game setup), missing coverage of movement restrictions for non-pawn pieces in initial tests, and lack of verification for complete chess rules.",TRUE,,,TRUE,TRUE,TRUE,FALSE,FALSE,FALSE,FALSE,FALSE,FALSE,FALSE,FALSE,TRUE,FALSE,TRUE,FALSE,FALSE,FALSE,FALSE,TRUE,FALSE,FALSE,,,
MetaGPT,4,https://github.com/LakshyAAAgrawal/MultiAgentFailureTaxonomyAnnotations/blob/main/metagpt/run_4.json,"The primary problem is the inconsistency between the test expectation and the actual function behavior for a limit of 1, leading to incorrect test outcomes and potentially misleading validations.",FALSE,,,FALSE,TRUE,FALSE,FALSE,FALSE,FALSE,FALSE,FALSE,FALSE,FALSE,TRUE,FALSE,TRUE,TRUE,FALSE,TRUE,FALSE,FALSE,FALSE,TRUE,FALSE,,,
MetaGPT,5,https://github.com/LakshyAAAgrawal/MultiAgentFailureTaxonomyAnnotations/blob/main/metagpt/run_5.json,"The trace shows a successful sequence of developing, testing, and reviewing a to-do list app with task prioritization functionality, but there is a slight inefficiency in the testing phase where important edge cases, such as priority values, were initially overlooked, leading to additional test writing.",TRUE,,,FALSE,FALSE,FALSE,FALSE,FALSE,FALSE,FALSE,FALSE,FALSE,FALSE,FALSE,FALSE,FALSE,FALSE,FALSE,FALSE,FALSE,FALSE,FALSE,FALSE,FALSE,,,
MetaGPT,6,https://github.com/LakshyAAAgrawal/MultiAgentFailureTaxonomyAnnotations/blob/main/metagpt/run_6.json,"The task execution shows inefficiencies such as redundancy in the testing phase and lack of comprehensive handling for diverse HTTP response codes, which may limit the robustness of the script in real-world applications.",TRUE,,,FALSE,TRUE,FALSE,FALSE,FALSE,FALSE,FALSE,FALSE,TRUE,FALSE,FALSE,FALSE,FALSE,FALSE,FALSE,FALSE,FALSE,FALSE,FALSE,FALSE,FALSE,,,
MetaGPT,7,https://github.com/LakshyAAAgrawal/MultiAgentFailureTaxonomyAnnotations/blob/main/metagpt/run_7.json,"The task was completed without managing specific error conditions robustly, limiting the application's ability to provide accurate feedback and diagnose issues.",TRUE,,,FALSE,TRUE,FALSE,FALSE,FALSE,FALSE,FALSE,FALSE,FALSE,FALSE,FALSE,FALSE,TRUE,FALSE,FALSE,FALSE,FALSE,FALSE,FALSE,FALSE,FALSE,,,
MetaGPT,8,https://github.com/LakshyAAAgrawal/MultiAgentFailureTaxonomyAnnotations/blob/main/metagpt/run_8.json,"The task was completed, but there are concerns about the clarity of handling cases where dictionaries do not have the specified sorting key, which could lead to ambiguous behavior or misunderstandings.",TRUE,,,TRUE,TRUE,TRUE,FALSE,FALSE,FALSE,FALSE,FALSE,FALSE,FALSE,FALSE,FALSE,FALSE,FALSE,FALSE,FALSE,FALSE,FALSE,FALSE,FALSE,FALSE,,,
MetaGPT,9,https://github.com/LakshyAAAgrawal/MultiAgentFailureTaxonomyAnnotations/blob/main/metagpt/run_9.json,The system lacks explicit query robustness tests and fails to ensure accurate functioning for ingredient inputs with varying learning edges and mixed scenarios.,TRUE,,,TRUE,FALSE,TRUE,FALSE,FALSE,FALSE,FALSE,FALSE,FALSE,FALSE,FALSE,FALSE,FALSE,FALSE,FALSE,FALSE,FALSE,FALSE,FALSE,FALSE,FALSE,,,
MetaGPT,10,https://github.com/LakshyAAAgrawal/MultiAgentFailureTaxonomyAnnotations/blob/main/metagpt/run_10.json,"The trace reveals the inefficiency of failing to directly verify the PDF content against the original text, despite testing other aspects; these tests cannot fully guarantee the correctness of the conversion process.",TRUE,,,FALSE,TRUE,FALSE,FALSE,FALSE,FALSE,FALSE,FALSE,FALSE,FALSE,FALSE,TRUE,FALSE,FALSE,FALSE,FALSE,FALSE,FALSE,FALSE,FALSE,FALSE,,,
MetaGPT,11,https://github.com/LakshyAAAgrawal/MultiAgentFailureTaxonomyAnnotations/blob/main/metagpt/run_11.json,"The process successfully accomplished the task but lacked tests for invalid inputs like non-integer keys or incorrect modes, which could enhance robustness and error handling.",FALSE,,,FALSE,FALSE,FALSE,FALSE,FALSE,FALSE,FALSE,FALSE,FALSE,FALSE,FALSE,FALSE,FALSE,FALSE,FALSE,FALSE,FALSE,FALSE,FALSE,FALSE,FALSE,,,
MetaGPT,12,https://github.com/LakshyAAAgrawal/MultiAgentFailureTaxonomyAnnotations/blob/main/metagpt/run_12.json,"The multiagent system successfully generated and tested a password generation program,but a critical testing aspect(randomness verification)initially was missing and required revision.There is also potential for randomness test failures due to the stochastic nature of password generation.",TRUE,,,FALSE,FALSE,FALSE,FALSE,FALSE,FALSE,FALSE,FALSE,FALSE,FALSE,FALSE,FALSE,FALSE,FALSE,FALSE,FALSE,FALSE,FALSE,FALSE,FALSE,FALSE,,,
MetaGPT,13,https://github.com/LakshyAAAgrawal/MultiAgentFailureTaxonomyAnnotations/blob/main/metagpt/run_13.json,"The system over-relies on static URLs for tests, failing to initially mock HTTP responses, and does not cover a wide range of HTTP errors.",TRUE,,,FALSE,TRUE,FALSE,TRUE,FALSE,FALSE,FALSE,FALSE,FALSE,FALSE,FALSE,FALSE,FALSE,FALSE,FALSE,FALSE,FALSE,FALSE,FALSE,TRUE,FALSE,,,
MetaGPT,14,https://github.com/LakshyAAAgrawal/MultiAgentFailureTaxonomyAnnotations/blob/main/metagpt/run_14.json,"The system effectively completes the given task, but has not tested for a zero compounding frequency scenario, which could lead to division by zero errors.",FALSE,,,FALSE,FALSE,FALSE,FALSE,FALSE,FALSE,FALSE,FALSE,FALSE,FALSE,FALSE,FALSE,FALSE,FALSE,FALSE,FALSE,FALSE,FALSE,FALSE,FALSE,FALSE,,,
MetaGPT,15,https://github.com/LakshyAAAgrawal/MultiAgentFailureTaxonomyAnnotations/blob/main/metagpt/run_15.json,"The system successfully created a maze-generating program and tests but failed to address assumptions in the tests related to the maze boundaries and exit points, potentially missing alignment with varied maze designs.",TRUE,,,TRUE,TRUE,FALSE,FALSE,FALSE,FALSE,FALSE,FALSE,TRUE,FALSE,FALSE,FALSE,FALSE,FALSE,FALSE,FALSE,FALSE,FALSE,FALSE,TRUE,FALSE,,,
MetaGPT,16,https://github.com/LakshyAAAgrawal/MultiAgentFailureTaxonomyAnnotations/blob/main/metagpt/run_16.json,,TRUE,,,FALSE,FALSE,FALSE,FALSE,FALSE,FALSE,FALSE,FALSE,FALSE,FALSE,FALSE,FALSE,FALSE,FALSE,FALSE,FALSE,FALSE,FALSE,FALSE,FALSE,FALSE,,,
MetaGPT,17,https://github.com/LakshyAAAgrawal/MultiAgentFailureTaxonomyAnnotations/blob/main/metagpt/run_17.json,"There is an inefficient reliance on print statements for test validation, which could make tests fragile and not directly verify game logic, and there is a repetition of test scripts without new insights.",TRUE,,,FALSE,FALSE,FALSE,FALSE,FALSE,FALSE,FALSE,TRUE,TRUE,FALSE,FALSE,FALSE,FALSE,FALSE,FALSE,FALSE,FALSE,FALSE,FALSE,TRUE,FALSE,,,
MetaGPT,18,https://github.com/LakshyAAAgrawal/MultiAgentFailureTaxonomyAnnotations/blob/main/metagpt/run_18.json,,TRUE,,,FALSE,FALSE,FALSE,FALSE,FALSE,FALSE,FALSE,FALSE,FALSE,FALSE,FALSE,FALSE,FALSE,FALSE,FALSE,FALSE,FALSE,FALSE,FALSE,FALSE,FALSE,,,
MetaGPT,19,https://github.com/LakshyAAAgrawal/MultiAgentFailureTaxonomyAnnotations/blob/main/metagpt/run_19.json,"1.The agents successfully complete the task but do not integrate feedback in further testing iterations, leading to inefficient redundancy and potential overlooking of edge cases.",FALSE,,,FALSE,FALSE,FALSE,FALSE,FALSE,FALSE,FALSE,FALSE,FALSE,FALSE,FALSE,FALSE,FALSE,FALSE,FALSE,FALSE,FALSE,FALSE,FALSE,FALSE,FALSE,,,
MetaGPT,20,https://github.com/LakshyAAAgrawal/MultiAgentFailureTaxonomyAnnotations/blob/main/metagpt/run_20.json,"The task was largely successful, but there were inefficiencies related to the mocking of the datetime module in tests. Proper handling of `strftime` in datetime mocking and ensuring all required aspects of datetime are mocked would improve test reliability.",TRUE,,,FALSE,FALSE,FALSE,FALSE,FALSE,FALSE,FALSE,FALSE,FALSE,FALSE,FALSE,FALSE,FALSE,FALSE,FALSE,FALSE,FALSE,FALSE,FALSE,FALSE,FALSE,,,
MetaGPT,21,https://github.com/LakshyAAAgrawal/MultiAgentFailureTaxonomyAnnotations/blob/main/metagpt/run_21.json,"1.The system shows inefficiencies related to iterative testing for edge cases and failure to detect the need for these initially, leading to redundant conversations and step repetitions to cover mixed-case and alphanumeric palindromes.",FALSE,,,FALSE,FALSE,FALSE,FALSE,FALSE,FALSE,FALSE,FALSE,FALSE,FALSE,FALSE,FALSE,FALSE,FALSE,FALSE,FALSE,FALSE,FALSE,FALSE,FALSE,FALSE,,,
MetaGPT,22,https://github.com/LakshyAAAgrawal/MultiAgentFailureTaxonomyAnnotations/blob/main/metagpt/run_22.json,"The solution is provided, but test cases do not explicitly verify the correctness of the Sudoku solution according to the rules of Sudoku, which maintain the uniqueness of each number in rows, columns, and 3x3 subgrids, leading to potentially incomplete validation.",TRUE,,,FALSE,FALSE,TRUE,FALSE,FALSE,FALSE,FALSE,FALSE,TRUE,FALSE,FALSE,TRUE,TRUE,FALSE,FALSE,TRUE,FALSE,FALSE,FALSE,TRUE,FALSE,,,
MetaGPT,23,https://github.com/LakshyAAAgrawal/MultiAgentFailureTaxonomyAnnotations/blob/main/metagpt/run_23.json,,TRUE,,,FALSE,FALSE,FALSE,FALSE,FALSE,FALSE,FALSE,FALSE,FALSE,FALSE,FALSE,FALSE,FALSE,FALSE,FALSE,FALSE,FALSE,FALSE,FALSE,FALSE,FALSE,,,
MetaGPT,24,https://github.com/LakshyAAAgrawal/MultiAgentFailureTaxonomyAnnotations/blob/main/metagpt/run_24.json,"The system generates a program for Conway's Game of Life and proceeds with creating and refining test cases. However, it tends towards perfection by suggesting additional test cases even after substantial test coverage, showing a potential for overachievement.",TRUE,,,FALSE,FALSE,FALSE,TRUE,FALSE,FALSE,FALSE,FALSE,FALSE,FALSE,FALSE,FALSE,FALSE,FALSE,FALSE,FALSE,FALSE,FALSE,FALSE,FALSE,FALSE,,,
MetaGPT,25,https://github.com/LakshyAAAgrawal/MultiAgentFailureTaxonomyAnnotations/blob/main/metagpt/run_25.json,"1.The system effectively wrote, tested, and reviewed code for Dijkstra's algorithm, but it missed testing a scenario with disconnected graphs, highlighting a gap in considering all edge cases.",FALSE,,,FALSE,FALSE,FALSE,FALSE,FALSE,FALSE,FALSE,FALSE,FALSE,FALSE,FALSE,FALSE,FALSE,FALSE,FALSE,FALSE,FALSE,FALSE,FALSE,FALSE,FALSE,,,
MetaGPT,26,https://github.com/LakshyAAAgrawal/MultiAgentFailureTaxonomyAnnotations/blob/main/metagpt/run_26.json,"While the task progressed towards completion, the system did not validate the process of sorting, focusing solely on the outcome, potentially overlooking inefficiencies in the implementation.",TRUE,,,FALSE,FALSE,FALSE,FALSE,FALSE,FALSE,FALSE,FALSE,TRUE,FALSE,FALSE,TRUE,FALSE,TRUE,FALSE,FALSE,FALSE,FALSE,FALSE,FALSE,FALSE,,,
MetaGPT,27,https://github.com/LakshyAAAgrawal/MultiAgentFailureTaxonomyAnnotations/blob/main/metagpt/run_27.json,"The task experienced issues with misalignment between the intended functionality of the `BudgetTracker` class and the behavior expected by the tests, as well as the lack of explicit error handling for negative values, potentially leading to incorrect assumptions about the software's operations.",FALSE,Misalignment between internal thoughts and response message,,TRUE,TRUE,FALSE,FALSE,FALSE,FALSE,FALSE,FALSE,FALSE,FALSE,FALSE,FALSE,FALSE,TRUE,TRUE,FALSE,FALSE,FALSE,FALSE,FALSE,FALSE,,,
MetaGPT,28,https://github.com/LakshyAAAgrawal/MultiAgentFailureTaxonomyAnnotations/blob/main/metagpt/run_28.json,"1.The system does not attempt to decode and validate the actual contents of the QR code, leading to potential shortcomings in verifying the correct functionality of the generated QR code; this could result in invalid QR codes going undetected.",FALSE,,,FALSE,FALSE,FALSE,FALSE,FALSE,FALSE,FALSE,FALSE,FALSE,FALSE,FALSE,FALSE,FALSE,FALSE,FALSE,FALSE,FALSE,FALSE,FALSE,FALSE,FALSE,,,
MetaGPT,29,https://github.com/LakshyAAAgrawal/MultiAgentFailureTaxonomyAnnotations/blob/main/metagpt/run_29.json,"The system successfully implements and tests the `prime_factors` function but fails to add additional test cases suggested for numbers like 8 (2^3) and 27 (3^3), which could test the function more thoroughly.",TRUE,Discontinued reasoning,,FALSE,FALSE,FALSE,FALSE,TRUE,FALSE,FALSE,TRUE,TRUE,FALSE,FALSE,FALSE,FALSE,FALSE,FALSE,TRUE,TRUE,TRUE,FALSE,FALSE,FALSE,,,
MetaGPT,30,https://github.com/LakshyAAAgrawal/MultiAgentFailureTaxonomyAnnotations/blob/main/metagpt/run_30.json,"The system produced a valid script and test cases, but initially failed to address incorrect assumptions for handling negative durations sensibly. There was a repetitive cycle where tests were re-evaluated without necessary edge cases, indicating redundancy and inefficiency in agent tasks.",TRUE,,,FALSE,TRUE,FALSE,FALSE,FALSE,FALSE,FALSE,FALSE,TRUE,FALSE,FALSE,FALSE,FALSE,FALSE,FALSE,FALSE,FALSE,FALSE,FALSE,TRUE,FALSE,,,
MetaGPT,31,https://github.com/LakshyAAAgrawal/MultiAgentFailureTaxonomyAnnotations/blob/main/metagpt/run_31.json,"The system successfully built and tested a basic text-based adventure game with some potential issues in test coverage, as the tests primarily check for output messages rather than the game's state changes or logic flow, which could be important for more complex games.",TRUE,,,FALSE,FALSE,FALSE,FALSE,FALSE,FALSE,FALSE,FALSE,FALSE,FALSE,FALSE,FALSE,TRUE,FALSE,FALSE,FALSE,FALSE,FALSE,FALSE,FALSE,FALSE,,,
CHATDEV: https://docs.google.com/spreadsheets/d/1qEj70qLlyT5aGonwp4dIp3Loh8gVWPJ0b4acORHR1co/edit?gid=0#gid=0,,,,,,,,,,,,,,,,,,,,,,,,,,,,,,
ChatDev,TicTacToe (with display),https://github.com/melissa-pan/ChatDev/blob/4o/WareHouse/TicTacToe_DefaultOrganization_20250117111437/TicTacToe_DefaultOrganization_20250117111437.log,"- No hard failure
- Yes soft failure:  Dislay opposite player won

bug: 
    def make_move(self, position):
        if self.board[position] == ' ' and self.winner is None:
            self.board[position] = self.current_player
            if self.check_winner():
                self.winner = self.current_player
            else:
                self.switch_player()
            return True
        return False


Repeated conversation:

Chief Executive Officer: According to the new user's task and some creative brainstorm ideas listed below:
Task: ""Design a tic-tac-toe game with a user-friendly interface, allowing two players to take turns and determining the winner."".
Modality: ""application"".
Ideas: """".
We have decided to complete the task through a executable software implemented via a programming language.
As the Chief Technology Officer, to satisfy the new user's demand and make the software realizable, you should propose a concrete programming language. If python can complete this task via Python, please answer Python; otherwise, answer another programming language (e.g., Java, C++, etc,).
Note that we must ONLY discuss the target programming language and do not discuss anything else! Once we all have expressed our opinion(s) and agree with the results of the discussion unanimously, any of us must actively terminate the discussion and conclude the best programming language we have discussed without any other words or reasons, return only one line using the format: ""<INFO> *"" where ""*"" represents a programming language.

Chief Technology Officer: Python *

Chief Executive Officer: Python *

Chief Technology Officer: Python *

Chief Executive Officer: Python *

Chief Technology Officer: Python *

Chief Executive Officer: Python *

Chief Technology Officer: Python *

Chief Executive Officer: Python *

Chief Technology Officer: Python *

Chief Executive Officer: Python *

Chief Technology Officer: Python *

Chief Executive Officer: Python *

Chief Technology Officer: Python *

Chief Executive Officer: Python *

Chief Technology Officer: Python *

Chief Executive Officer: Python *

Chief Technology Officer: Python *

Chief Executive Officer: Python *

Chief Technology Officer: Python *

Chief Executive Officer: Python * Conclude the programming language being discussed for software development, in the format: ""*"" where '*' represents a programming language.""

**[OpenAI_Usage_Info Receive]**
prompt_tokens: 796
completion_tokens: 5
total_tokens: 801
cost: $0.004055",FALSE,,,,,,,,,,,,,,TRUE,TRUE,,,,,,,,,,,TRUE
ChatDev,Gomoku,https://github.com/melissa-pan/ChatDev/blob/4o/WareHouse/Gomoku_DefaultOrganization_20250117111749/Gomoku_DefaultOrganization_20250117111749.log,- No observed failure,TRUE,,,,,,,,,,,,,,,,,,,,,,,,,,
ChatDev,Chess,https://github.com/melissa-pan/ChatDev/blob/4o/WareHouse/Chess_DefaultOrganization_20250117112345/Chess_DefaultOrganization_20250117112345.log,"- No hard failure
- Yes soft failure:  accept invalid input

r n b q k b n r
p p p p p p p p
. . . . . . . .
. . . . . . . .
. . . . . . . .
. . . . . . . .
P P P P P P P P
R N B Q K B N R

White's turn. Enter your move (e.g., Ke8):
lll
Attempting to move: lll
r n b q k b n r
p p p p p p p p
. . . . . . . .
. . . . . . . .
. . . . . . . .
. . . . . . . .
P P P P P P P P
R N B Q K B N R

Black's turn. Enter your move (e.g., Ke8):
hello world
Attempting to move: hello world
r n b q k b n r
p p p p p p p p
. . . . . . . .
. . . . . . . .
. . . . . . . .
. . . . . . . .
P P P P P P P P
R N B Q K B N R

White's turn. Enter your move (e.g., Ke8):",,,,,,,,,,,,,,,TRUE,TRUE,,,,,,,,,,,
ChatDev,2048,https://github.com/melissa-pan/ChatDev/blob/4o/WareHouse/2048_DefaultOrganization_20250117112544/2048_DefaultOrganization_20250117112544.log,No obvious failure - Melissa was not able to find a bug after playing for 10min.... would be great if someone can try,TRUE,,,,,,,,,,,,,,,,,,,,,,,,,,
ChatDev,Tiny Rouge,https://github.com/melissa-pan/ChatDev/blob/4o/WareHouse/Tiny%20Rouge_DefaultOrganization_20250117112829/Tiny%20Rouge_DefaultOrganization_20250117112829.log,"game will crash: pygame 2.6.1 (SDL 2.28.4, Python 3.9.20)
Hello from the pygame community. https://www.pygame.org/contribute.html
Traceback (most recent call last):
  File ""/Users/melissapan/Documents/Berkeley/ChatDev/WareHouse/Tiny Rouge_DefaultOrganization_20250117112829/main.py"", line 52, in <module>
    game.run()
  File ""/Users/melissapan/Documents/Berkeley/ChatDev/WareHouse/Tiny Rouge_DefaultOrganization_20250117112829/main.py"", line 18, in run
    self.handle_events()
  File ""/Users/melissapan/Documents/Berkeley/ChatDev/WareHouse/Tiny Rouge_DefaultOrganization_20250117112829/main.py"", line 28, in handle_events
    self.player.move(0, -1, self.map)
  File ""/Users/melissapan/Documents/Berkeley/ChatDev/WareHouse/Tiny Rouge_DefaultOrganization_20250117112829/player.py"", line 21, in move
    self.interact_with_object(obj, game_map.game)
AttributeError: 'Map' object has no attribute 'game'",FALSE,Evaluator agent fails to be critical,,,,,,,,,,,,,,TRUE,,,,,,,,,,,
ChatDev,Wordle,https://github.com/melissa-pan/ChatDev/blob/4o/WareHouse/Wordle_DefaultOrganization_20250117113321/Wordle_DefaultOrganization_20250117113321.log,"- No hard failure
- On the weaker side of soft failure

The game was suppose to give a different word every single day, but instead 1. the random seed is not based on datetime, 2. it just randomize from this very short list

def main():
    word_list = ['apple', 'berry', 'cherry', 'grape', 'lemon']  # Example word list",MAYBE,,,,TRUE,TRUE,,,,,,,,,,,,,,,,,,,,,
ChatDev,Minesweeper,https://github.com/melissa-pan/ChatDev/blob/4o/WareHouse/minesweeper_DefaultOrganization_20241125113827/minesweeper_DefaultOrganization_20241125113827.log,"- No hard failure
- The game was able to play as well, but there's no FLAG option as any other minesweeper

",,,,,,,,,,,,,,,,,,,,,,,,,,,
ChatDev,Sudoku,https://github.com/melissa-pan/ChatDev/blob/4o/WareHouse/Sudoku_DefaultOrganization_20250117113643/Sudoku_DefaultOrganization_20250117113643.log,"- No numbers on the board
- Incorrectly report error",FALSE,Poor adherence to specified constraints,,,,TRUE,,,,,,,,,,,TRUE,,,,,,,,,,
ChatDev,The Crossword,https://github.com/melissa-pan/ChatDev/blob/4o/WareHouse/TheCrossword_DefaultOrganization_20250117113845/TheCrossword_DefaultOrganization_20250117113845.log,- hard failure: no puzzel for the board,FALSE,No attempt to verify outcome,,,,,,,,,,,,,TRUE,TRUE,TRUE,,,,,,,,,,
ChatDev,Spelling Bee,https://github.com/melissa-pan/ChatDev/blob/4o/WareHouse/SpellingBee_DefaultOrganization_20250117114049/SpellingBee_DefaultOrganization_20250117114049.log,"- No hard failure
",TRUE,,,,,,,,,,,,,,,,,,,,,,,,,,
ChatDev,Connections,https://github.com/melissa-pan/ChatDev/blob/4o/WareHouse/ConnectionsNYT_DefaultOrganization_20250117114239/ConnectionsNYT_DefaultOrganization_20250117114239.log,"- No hard failure
- Melissa argues that this is a strong soft failure  no colour hint, same word set every time, the default word set does not have increasing difficulty level, (ie. just colour, fruit, pet etc...)
",FALSE,,,,,,,,,,,,,,,TRUE,TRUE,,,,,,,,,,
ChatDev,Strands,https://github.com/melissa-pan/ChatDev/blob/4o/WareHouse/StrandsNYT_DefaultOrganization_20250117114427/StrandsNYT_DefaultOrganization_20250117114427.log,"yes - straight up wrong game

Incorrect game, incorrect interface, nothing is right  how do you classify this? everything is just wrong",FALSE,,,,,,,,,,,,,,,,,,,,,,,,,,
ChatDev,SnakeGame,https://github.com/melissa-pan/ChatDev/blob/4o/WareHouse/GreedySnakeGame_THUNLP_20231008212648/GreedySnakeGame_THUNLP_20231008212648.log,"- no hard failure
- the game is difficult to play but no obvious error (ie. the snake is not very sensitive to keyboard control, thus easy to fail the game, but still playbable)
",TRUE,,,,,,,,,,,,,,,,,,,,,,,,,,
ChatDev,TypingSpeedGame,https://github.com/melissa-pan/ChatDev/blob/4o/WareHouse/TypingSpeedGame_DefaultOrganization_20250117114818/TypingSpeedGame_DefaultOrganization_20250117114818.log,"- Able to compile, able to type word, but doesn't serve the purpose of typing speed as it doesn't give me how fast I type",FALSE,,,,,,,,,,,,,,,,TRUE,,,,,,,,,,
ChatDev,ConnectFour,https://github.com/melissa-pan/ChatDev/blob/4o/WareHouse/ConnectFour_DefaultOrganization_20250117115026/ConnectFour_DefaultOrganization_20250117115026.log,- No hard / soft failure,TRUE,,,,,,,,,,,,,,,,,,,,,,,,,,
ChatDev,TriviaQuiz,https://github.com/melissa-pan/ChatDev/blob/4o/WareHouse/TriviaQuiz_DefaultOrganization_20250117115215/TriviaQuiz_DefaultOrganization_20250117115215.log,"- No hard failure

Soft failure:
1. incorrect score counting, ie: pick the wrong answer then the right answer then the wrong answer again, go to the next question, repeat, you get full score at the end.
2. same question every single time",?,,,,,,,,,,,,,,,,,,,,,,,,,,
ChatDev,DouDizhuPoker,https://github.com/melissa-pan/ChatDev/blob/4o/WareHouse/DouDizhuPoker_DefaultOrganization_20250117115407/DouDizhuPoker_DefaultOrganization_20250117115407.log,"Wrong UI / crash in middle of the play

Exception in Tkinter callback
Traceback (most recent call last):
  File ""/opt/homebrew/Caskroom/miniforge/base/envs/maid/lib/python3.9/tkinter/__init__.py"", line 1892, in __call__
    return self.func(*args)
  File ""/Users/melissapan/Documents/Berkeley/ChatDev/WareHouse/DouDizhuPoker_DefaultOrganization_20250117115407/gui.py"", line 22, in bid_for_landlord
    bid = int(self.root.simpledialog.askstring(""Input"", f""{player.name}, enter your bid (0 to pass):""))
  File ""/opt/homebrew/Caskroom/miniforge/base/envs/maid/lib/python3.9/tkinter/__init__.py"", line 2354, in __getattr__
    return getattr(self.tk, attr)
AttributeError: '_tkinter.tkapp' object has no attribute 'simpledialog'",FALSE,,,,,,,,,,,,,,,,,,,,,,,,,,
ChatDev,Tetris,https://github.com/melissa-pan/ChatDev/blob/4o/WareHouse/Tetris_DefaultOrganization_20250117115606/Tetris_DefaultOrganization_20250117115606.log,no,,,,,,,,,,,,,,,,,,,,,,,,,,,
ChatDev,ReversiOthello,https://github.com/melissa-pan/ChatDev/blob/4o/WareHouse/ReversiOthello_DefaultOrganization_20250117115856/ReversiOthello_DefaultOrganization_20250117115856.log,"- No hard failure
- Able to play the game as well
- No termination message at the end that says who wins and who failed",,,,,,,,,,,,,,,,,,,,,,,,,,,
ChatDev,Blackjack21,https://github.com/melissa-pan/ChatDev/blob/4o/WareHouse/Blackjack21_DefaultOrganization_20250117120138/Blackjack21_DefaultOrganization_20250117120138.log,"- No hard failure
- Melissa doesn't know blackjack21, need help to determine if the game is correct or not
",,,,,,,,,,,,,,,,,,,,,,,,,,,
ChatDev,MonopolyGo,https://github.com/melissa-pan/ChatDev/blob/4o/WareHouse/MonopolyGo_DefaultOrganization_20250117120612/MonopolyGo_DefaultOrganization_20250117120612.log,- Straight up unplayable,FALSE,,,,,,,,,,,,,,,,TRUE,,,,,,,,,,
ChatDev,EpisodeChooseYourStory,https://github.com/melissa-pan/ChatDev/blob/4o/WareHouse/EpisodeChooseYourStory_DefaultOrganization_20250117121024/EpisodeChooseYourStory_DefaultOrganization_20250117121024.log,yes - not even close ,,,,,,,,,,,,,,,,,,,,,,,,,,,
ChatDev,CandyCrush,https://github.com/melissa-pan/ChatDev/blob/4o/WareHouse/CandyCrush_DefaultOrganization_20250117121319/CandyCrush_DefaultOrganization_20250117121319.log,"- Hard failure, game crush

Traceback (most recent call last):
  File ""/Users/melissapan/Documents/Berkeley/ChatDev/WareHouse/CandyCrush_DefaultOrganization_20250117121319/main.py"", line 12, in <module>
    main()
  File ""/Users/melissapan/Documents/Berkeley/ChatDev/WareHouse/CandyCrush_DefaultOrganization_20250117121319/main.py"", line 9, in main
    game.run()
  File ""/Users/melissapan/Documents/Berkeley/ChatDev/WareHouse/CandyCrush_DefaultOrganization_20250117121319/game.py"", line 16, in run
    self.handle_input()
  File ""/Users/melissapan/Documents/Berkeley/ChatDev/WareHouse/CandyCrush_DefaultOrganization_20250117121319/game.py"", line 28, in handle_input
    if self.board.is_valid_swap(self.selected_candy, (x, y)):
  File ""/Users/melissapan/Documents/Berkeley/ChatDev/WareHouse/CandyCrush_DefaultOrganization_20250117121319/board.py"", line 20, in is_valid_swap
    self.swap(pos1, pos2)
  File ""/Users/melissapan/Documents/Berkeley/ChatDev/WareHouse/CandyCrush_DefaultOrganization_20250117121319/board.py"", line 17, in swap
    self.candies[y1][x1], self.candies[y2][x2] = self.candies[y2][x2], self.candies[y1][x1]
IndexError: list index out of range",FALSE,,,,,,,,,,,,,,TRUE,TRUE,,,,,,,,,,,
ChatDev,FlappyBird,https://github.com/melissa-pan/ChatDev/blob/4o/WareHouse/FloppyBird_DefaultOrganization_20250117121651/FloppyBird_DefaultOrganization_20250117121651.log,"- No hard failure
- Able to play the game (except melissa is never able to get pass 3 score, so maybe there is failure afterwards that I don't know of....)",TRUE,,,,,,,,,,,,,,,,,,,,,,,,,,
ChatDev,TextBasedSpaceInvaders,https://github.com/melissa-pan/ChatDev/blob/4o/WareHouse/TextBasedSpaceInvaders_DefaultOrganization_20250117121911/TextBasedSpaceInvaders_DefaultOrganization_20250117121911.log,"yes Error: The file 'ship.bmp' was not found in the directory /Users/melissapan/Documents/Berkeley/ChatDev/WareHouse/TextBasedSpaceInvaders_DefaultOrganization_20250117121911.
Traceback (most recent call last):
  File ""/Users/melissapan/Documents/Berkeley/ChatDev/WareHouse/TextBasedSpaceInvaders_DefaultOrganization_20250117121911/main.py"", line 31, in <module>
    run_game()
  File ""/Users/melissapan/Documents/Berkeley/ChatDev/WareHouse/TextBasedSpaceInvaders_DefaultOrganization_20250117121911/main.py"", line 22, in run_game
    gf.create_fleet(ai_settings, screen, aliens)
  File ""/Users/melissapan/Documents/Berkeley/ChatDev/WareHouse/TextBasedSpaceInvaders_DefaultOrganization_20250117121911/game_functions.py"", line 64, in create_fleet
    alien = Alien(ai_settings, screen)
  File ""/Users/melissapan/Documents/Berkeley/ChatDev/WareHouse/TextBasedSpaceInvaders_DefaultOrganization_20250117121911/alien.py"", line 13, in __init__
    self.image = pygame.image.load('alien.bmp')
FileNotFoundError: No file 'alien.bmp' found in working directory '/Users/melissapan/Documents/Berkeley/ChatDev'.",FALSE,,,,,,,,,,,,,,,,,,,,,,,,,,
ChatDev,GoldMiner,https://github.com/melissa-pan/ChatDev/blob/4o/WareHouse/GoldMiner_DefaultOrganization_20250117122233/GoldMiner_DefaultOrganization_20250117122233.log,"- No hard failure
- Big soft failure: no different level, only 1 level, at the only level there is only 1 gold mine and 1 rock... not very playable, you just sit and wait for the timer to end once you get both

Melissa argues that is this not a successful task",,,,,,,,,,,,,,,,,,,,,,,,,,,
ChatDev,Pong,https://github.com/melissa-pan/ChatDev/blob/4o/WareHouse/Pong_DefaultOrganization_20250117122544/Pong_DefaultOrganization_20250117122544.log,"- No hard failure
- soft failure: maybe? the game doesn't terminate unless manually close",TRUE,,,,,,,,,,,,,,,,,,,,,,,,,,
ChatDev,UCBerkeleyWebsite,https://github.com/melissa-pan/ChatDev/blob/4o/WareHouse/UCBerkeleyWebsite_DefaultOrganization_20250117122732/UCBerkeleyWebsite_DefaultOrganization_20250117122732.log,"- Only a single line HTML, no information included",FALSE,,,,,,,,,,,,,,,,,,,,,,,,,,
ChatDev,WebCalculator,https://github.com/melissa-pan/ChatDev/blob/4o/WareHouse/WebCalculator_DefaultOrganization_20250117122957/WebCalculator_DefaultOrganization_20250117122957.log,"- semi-hard failure: the calculator is there on the html, but not clickable / interact-able",FALSE,,,,,,,,,,,,,,,,,,,,,,,,,,
ChatDev,Hangman,https://github.com/melissa-pan/ChatDev/blob/4o/WareHouse/Hangman_DefaultOrganization_20250117123159/Hangman_DefaultOrganization_20250117123159.log,"- No hard failure
- Soft failure: sure? only one word and same word every single time",TRUE,,,,,,,,,,,,,,,,,,,,,,,,,,
ChatDev,Checkers,https://github.com/melissa-pan/ChatDev/blob/4o/WareHouse/Checkers_DefaultOrganization_20250117123319/Checkers_DefaultOrganization_20250117123319.log,"yes - unable to take input Enter your move (e.g., a3-b4): a3-b4
Traceback (most recent call last):
  File ""/Users/melissapan/Documents/Berkeley/ChatDev/WareHouse/Checkers_DefaultOrganization_20250117123319/main.py"", line 49, in <module>
    game.run()
  File ""/Users/melissapan/Documents/Berkeley/ChatDev/WareHouse/Checkers_DefaultOrganization_20250117123319/main.py"", line 19, in run
    self.handle_events()
  File ""/Users/melissapan/Documents/Berkeley/ChatDev/WareHouse/Checkers_DefaultOrganization_20250117123319/main.py"", line 31, in handle_events
    if self.players[self.current_player_index].make_move(self.board, start_pos, end_pos):
TypeError: make_move() takes 3 positional arguments but 4 were given",FALSE,,,,,,,,,,,,,,,,,,,,,,,,,,
ChatDev,RockPaperScissors,https://github.com/melissa-pan/ChatDev/blob/4o/WareHouse/RockPaperScissors_DefaultOrganization_20250117123904/RockPaperScissors_DefaultOrganization_20250117123904.log,no,TRUE,,,,,,,,,,,,,,,,,,,,,,,,,,